Title,Domain,Branch,Type,Price,Description,ImageURL,DemoVideoURL,Tags,Featured
AI IoT Hydroponics Smart Farming System,IoT,ECE,Product,18500,Autonomous hydroponics sensor system with real-time nutrient balancing and cloud analytics.,ADD_IMAGE_LINK,ADD_VIDEO_LINK,"Hydroponics, IoT, ECE, Sensors",FALSE
Real-time Forest Fire Detection and Alert System Using Wireless Sensor N+etworks and Solar Energy,Simulation,EEE,Prototype,26813,Project focusing on real-time forest fire detection and alert system using wireless sensor n+etworks and solar energy.,ADD_IMAGE_LINK,ADD_VIDEO_LINK,"Simulation,  EEE",FALSE
An Active Impedance-Source Three-Level   T-Type Inverter with Reduced Device Count,Machine Learning,EEE,Product,8613,Project focusing on an active impedance-source three-level   t-type inverter with reduced device count.,ADD_IMAGE_LINK,ADD_VIDEO_LINK,"Machine Learning,  EEE",FALSE
A MHz -to-VIN Buck-Boost Converter for Automotive Use Achieving % Efficiency and CISPR  Class  Standard,Robotics,Civil,Prototype,11091,Project focusing on a mhz -to-vin buck-boost converter for automotive use achieving % efficiency and cispr  class  standard.,ADD_IMAGE_LINK,ADD_VIDEO_LINK,"Robotics,  Civil",FALSE
A Power Factor Oriented Railway Power Flow Controller for  Power Quality Improvement in  Electrical Railway Power System,Machine Learning,EEE,Product,8388,Project focusing on a power factor oriented railway power flow controller for  power quality improvement in  electrical railway power system.,ADD_IMAGE_LINK,ADD_VIDEO_LINK,"Machine Learning,  EEE",FALSE
Development of Central Control Unit for Irrigation water pumps  Cost effective method to control entire villager’s water pumps with user level authentication Illiterate’s friendly system,IoT,ECE,Product,32886,Project focusing on development of central control unit for irrigation water pumps  cost effective method to control entire villager’s water pumps with user level authentication illiterate’s friendly system.,ADD_IMAGE_LINK,ADD_VIDEO_LINK,"IoT,  ECE",FALSE
Fabrication of Steam Power Plant with  generators,IoT,EEE,Product,22649,Project focusing on fabrication of steam power plant with  generators.,ADD_IMAGE_LINK,ADD_VIDEO_LINK,"IoT,  EEE",FALSE
"Auto Selection of Optimum Power From  Different Sources-Solar, Mains, Generator & Inverter To Ensure No Break Power",Machine Learning,EEE,Product,33360,"Project focusing on auto selection of optimum power from  different sources-solar, mains, generator & inverter to ensure no break power.",ADD_IMAGE_LINK,ADD_VIDEO_LINK,"Machine Learning,  EEE",FALSE
Voice enabled V lamp dimmer with  levels of intensity control,Robotics,Medical,Prototype,24815,Project focusing on voice enabled v lamp dimmer with  levels of intensity control.,ADD_IMAGE_LINK,ADD_VIDEO_LINK,"Robotics,  Medical",FALSE
RF Based Wireless  Phase Motor Starter with feedback indicators,Simulation,Mechanical,Product,33276,Project focusing on rf based wireless  phase motor starter with feedback indicators.,ADD_IMAGE_LINK,ADD_VIDEO_LINK,"Simulation,  Mechanical",FALSE
Control powered devices with mobile phone for free of cost This secure system works only for predefined phone numbers (eg: owner   number),Embedded,EEE,Prototype,24283,Project focusing on control powered devices with mobile phone for free of cost this secure system works only for predefined phone numbers (eg: owner   number).,ADD_IMAGE_LINK,ADD_VIDEO_LINK,"Embedded,  EEE",FALSE
Automated Solar Quadcopter,Robotics,ECE,Prototype,26500,Solar drone for air inspection,ADD_IMAGE_LINK,ADD_VIDEO_LINK,"Solar, Drone",TRUE
Real-Time Object Tracking Robot Using YOLO and Raspberry Pi,Robotics,ECE,Product,16499,Develops an advanced real-time object tracking robot using yolo and raspberry pi to automate tasks and improve operational efficiency.,ADD_IMAGE_LINK,ADD_VIDEO_LINK,"Robotics, ECE, Automation",TRUE
AI-Based Gesture Controlled Rover Using ESP32-CAM,Robotics,ECE,Prototype,10999,Develops an advanced ai-based gesture controlled rover using esp32-cam to automate tasks and improve operational efficiency.,ADD_IMAGE_LINK,ADD_VIDEO_LINK,"Robotics, ECE, Automation",FALSE
Speech-to-Action Intelligent Robotic Car,Robotics,CSE,Product,12499,Develops an advanced speech-to-action intelligent robotic car to automate tasks and improve operational efficiency.,ADD_IMAGE_LINK,ADD_VIDEO_LINK,"Robotics, CSE, Automation",FALSE
Autonomous Shuttlecock Collecting Robot Using Computer Vision,Robotics,CSE,Product,15999,Develops an advanced autonomous shuttlecock collecting robot using computer vision to automate tasks and improve operational efficiency.,ADD_IMAGE_LINK,ADD_VIDEO_LINK,"Robotics, CSE, Automation",TRUE
IoT and AI Enabled Agriculture Monitoring Rover,Robotics,Civil,Prototype,14499,Develops an advanced iot and ai enabled agriculture monitoring rover to automate tasks and improve operational efficiency.,ADD_IMAGE_LINK,ADD_VIDEO_LINK,"Robotics, Civil, Automation",FALSE
Machine Learning-Based Automatic Cooking Robot,Robotics,CSE,Prototype,17999,Develops an advanced machine learning-based automatic cooking robot to automate tasks and improve operational efficiency.,ADD_IMAGE_LINK,ADD_VIDEO_LINK,"Robotics, CSE, Automation",FALSE
AI-Based Smart Helmet Safety Monitoring System,Machine Learning,ECE,Prototype,17799,Develops an advanced ai-based smart helmet safety monitoring system to automate tasks and improve operational efficiency.,ADD_IMAGE_LINK,ADD_VIDEO_LINK,"Machine Learning, ECE, Automation",FALSE
Smart Blind Assistance Robot Using Ultrasonic Sensors and ML,Robotics,ECE,Product,9999,Develops an advanced smart blind assistance robot using ultrasonic sensors and ml to automate tasks and improve operational efficiency.,ADD_IMAGE_LINK,ADD_VIDEO_LINK,"Robotics, ECE, Automation",FALSE
Raspberry Pi Voice Controlled Robot with OLED UI,Robotics,ECE,Prototype,11999,Develops an advanced raspberry pi voice controlled robot with oled ui to automate tasks and improve operational efficiency.,ADD_IMAGE_LINK,ADD_VIDEO_LINK,"Robotics, ECE, Automation",TRUE
ESP32-CAM Based Smart Surveillance Robot Using AI,Robotics,ECE,Product,13799,Develops an advanced esp32-cam based smart surveillance robot using ai to automate tasks and improve operational efficiency.,ADD_IMAGE_LINK,ADD_VIDEO_LINK,"Robotics, ECE, Automation",TRUE
Autonomous Drone Rover Hybrid Robot Using AI,Robotics,CSE,Prototype,16999,Develops an advanced autonomous drone rover hybrid robot using ai to automate tasks and improve operational efficiency.,ADD_IMAGE_LINK,ADD_VIDEO_LINK,"Robotics, CSE, Automation",TRUE
Robotic Pet Companion with Emotion Detection,Robotics,CSE,Product,17799,Develops an advanced robotic pet companion with emotion detection to automate tasks and improve operational efficiency.,ADD_IMAGE_LINK,ADD_VIDEO_LINK,"Robotics, CSE, Automation",TRUE
AI-Based Underwater Inspection Robot,Robotics,CSE,Prototype,15999,Develops an advanced ai-based underwater inspection robot to automate tasks and improve operational efficiency.,ADD_IMAGE_LINK,ADD_VIDEO_LINK,"Robotics, CSE, Automation",TRUE
Machine Learning-Based Smart Rescue Robot,Robotics,CSE,Prototype,16499,Develops an advanced machine learning-based smart rescue robot to automate tasks and improve operational efficiency.,ADD_IMAGE_LINK,ADD_VIDEO_LINK,"Robotics, CSE, Automation",TRUE
Autonomous Shopping Cart Robot Using Computer Vision,Robotics,CSE,Prototype,9999,Develops an advanced autonomous shopping cart robot using computer vision to automate tasks and improve operational efficiency.,ADD_IMAGE_LINK,ADD_VIDEO_LINK,"Robotics, CSE, Automation",TRUE
Voice Assistant Integrated Home Automation Robot,Robotics,CSE,Prototype,10499,Develops an advanced voice assistant integrated home automation robot to automate tasks and improve operational efficiency.,ADD_IMAGE_LINK,ADD_VIDEO_LINK,"Robotics, CSE, Automation",FALSE
Smart Restaurant Serving Robot,Robotics,CSE,Prototype,17499,Develops an advanced smart restaurant serving robot to automate tasks and improve operational efficiency.,ADD_IMAGE_LINK,ADD_VIDEO_LINK,"Robotics, CSE, Automation",FALSE
AI-Based Chess Playing Robot,Robotics,CSE,Product,17499,Develops an advanced ai-based chess playing robot to automate tasks and improve operational efficiency.,ADD_IMAGE_LINK,ADD_VIDEO_LINK,"Robotics, CSE, Automation",TRUE
Self-Balancing Robot Using Reinforcement Learning,Robotics,CSE,Prototype,17499,Develops an advanced self-balancing robot using reinforcement learning to automate tasks and improve operational efficiency.,ADD_IMAGE_LINK,ADD_VIDEO_LINK,"Robotics, CSE, Automation",FALSE
Emotion Recognition Interactive Robot Using AI,Robotics,CSE,Product,15499,Develops an advanced emotion recognition interactive robot using ai to automate tasks and improve operational efficiency.,ADD_IMAGE_LINK,ADD_VIDEO_LINK,"Robotics, CSE, Automation",TRUE
Predictive Maintenance Robot for Smart Industries,Robotics,CSE,Product,16499,Develops an advanced predictive maintenance robot for smart industries to automate tasks and improve operational efficiency.,ADD_IMAGE_LINK,ADD_VIDEO_LINK,"Robotics, CSE, Automation",TRUE
Machine Learning-Based Industrial Inspection Robot,Robotics,Mechanical,Prototype,16999,Develops an advanced machine learning-based industrial inspection robot to automate tasks and improve operational efficiency.,ADD_IMAGE_LINK,ADD_VIDEO_LINK,"Robotics, Mechanical, Automation",TRUE
AI-Based Pick and Place Robot,Robotics,CSE,Product,17799,Develops an advanced ai-based pick and place robot to automate tasks and improve operational efficiency.,ADD_IMAGE_LINK,ADD_VIDEO_LINK,"Robotics, CSE, Automation",TRUE
Robotic Arm for Defect Detection Using Deep Learning,Robotics,Mechanical,Product,17499,Develops an advanced robotic arm for defect detection using deep learning to automate tasks and improve operational efficiency.,ADD_IMAGE_LINK,ADD_VIDEO_LINK,"Robotics, Mechanical, Automation",FALSE
Product Sorting Robot Using Computer Vision,Robotics,Mechanical,Prototype,13999,Develops an advanced product sorting robot using computer vision to automate tasks and improve operational efficiency.,ADD_IMAGE_LINK,ADD_VIDEO_LINK,"Robotics, Mechanical, Automation",TRUE
AI-Based Bomb Detection Assistance Robot,Robotics,CSE,Prototype,16499,Develops an advanced ai-based bomb detection assistance robot to automate tasks and improve operational efficiency.,ADD_IMAGE_LINK,ADD_VIDEO_LINK,"Robotics, CSE, Automation",TRUE
Smart Patrol Robot with Object Tracking,Robotics,CSE,Product,12499,Develops an advanced smart patrol robot with object tracking to automate tasks and improve operational efficiency.,ADD_IMAGE_LINK,ADD_VIDEO_LINK,"Robotics, CSE, Automation",FALSE
Autonomous Border Monitoring Robot,Robotics,CSE,Product,16799,Develops an advanced autonomous border monitoring robot to automate tasks and improve operational efficiency.,ADD_IMAGE_LINK,ADD_VIDEO_LINK,"Robotics, CSE, Automation",FALSE
Intruder Detection Robot Using Machine Learning,Robotics,CSE,Prototype,17799,Develops an advanced intruder detection robot using machine learning to automate tasks and improve operational efficiency.,ADD_IMAGE_LINK,ADD_VIDEO_LINK,"Robotics, CSE, Automation",TRUE
AI Surveillance Robot with Face Recognition,Robotics,CSE,Prototype,17999,Develops an advanced ai surveillance robot with face recognition to automate tasks and improve operational efficiency.,ADD_IMAGE_LINK,ADD_VIDEO_LINK,"Robotics, CSE, Automation",TRUE
AI-Based Fruit Harvesting Robotic Arm,Robotics,Mechanical,Prototype,16799,Develops an advanced ai-based fruit harvesting robotic arm to automate tasks and improve operational efficiency.,ADD_IMAGE_LINK,ADD_VIDEO_LINK,"Robotics, Mechanical, Automation",TRUE
Crop Monitoring Robot Using Deep Learning,Robotics,Civil,Prototype,15999,Develops an advanced crop monitoring robot using deep learning to automate tasks and improve operational efficiency.,ADD_IMAGE_LINK,ADD_VIDEO_LINK,"Robotics, Civil, Automation",FALSE
Autonomous Weed Detection and Removal Robot,Robotics,Civil,Prototype,15499,Develops an advanced autonomous weed detection and removal robot to automate tasks and improve operational efficiency.,ADD_IMAGE_LINK,ADD_VIDEO_LINK,"Robotics, Civil, Automation",TRUE
Smart Seed Sowing Robot Using Machine Learning,Robotics,Civil,Prototype,12799,Develops an advanced smart seed sowing robot using machine learning to automate tasks and improve operational efficiency.,ADD_IMAGE_LINK,ADD_VIDEO_LINK,"Robotics, Civil, Automation",TRUE
AI-Based Multi-Purpose Agriculture Rover,Robotics,Civil,Prototype,16799,Develops an advanced ai-based multi-purpose agriculture rover to automate tasks and improve operational efficiency.,ADD_IMAGE_LINK,ADD_VIDEO_LINK,"Robotics, Civil, Automation",FALSE
Autonomous Sanitization Robot Using Computer Vision,Robotics,CSE,Prototype,15799,Develops an advanced autonomous sanitization robot using computer vision to automate tasks and improve operational efficiency.,ADD_IMAGE_LINK,ADD_VIDEO_LINK,"Robotics, CSE, Automation",TRUE
Speech Recognition Controlled Assistive Robot,Robotics,CSE,Product,16999,Develops an advanced speech recognition controlled assistive robot to automate tasks and improve operational efficiency.,ADD_IMAGE_LINK,ADD_VIDEO_LINK,"Robotics, CSE, Automation",TRUE
Machine Learning-Based Robotic Wheelchair Navigation System,Robotics,Medical,Product,17499,Develops an advanced machine learning-based robotic wheelchair navigation system to automate tasks and improve operational efficiency.,ADD_IMAGE_LINK,ADD_VIDEO_LINK,"Robotics, Medical, Automation",FALSE
AI-Powered Patient Assistance Robot,Robotics,Medical,Product,16499,Develops an advanced ai-powered patient assistance robot to automate tasks and improve operational efficiency.,ADD_IMAGE_LINK,ADD_VIDEO_LINK,"Robotics, Medical, Automation",TRUE
Smart Medicine Delivery Robot Using AI,Robotics,Mechanical,Product,17499,Develops an advanced smart medicine delivery robot using ai to automate tasks and improve operational efficiency.,ADD_IMAGE_LINK,ADD_VIDEO_LINK,"Robotics, Mechanical, Automation",TRUE
Machine Learning-Based Warehouse Management Robot,Robotics,Mechanical,Prototype,15999,Develops an advanced machine learning-based warehouse management robot to automate tasks and improve operational efficiency.,ADD_IMAGE_LINK,ADD_VIDEO_LINK,"Robotics, Mechanical, Automation",FALSE
AI-Based Fire Fighting Robot with Real-Time Monitoring,Robotics,CSE,Product,15799,Develops an advanced ai-based fire fighting robot with real-time monitoring to automate tasks and improve operational efficiency.,ADD_IMAGE_LINK,ADD_VIDEO_LINK,"Robotics, CSE, Automation",FALSE
Autonomous Floor Cleaning Robot with Object Detection,Robotics,CSE,Product,13999,Develops an advanced autonomous floor cleaning robot with object detection to automate tasks and improve operational efficiency.,ADD_IMAGE_LINK,ADD_VIDEO_LINK,"Robotics, CSE, Automation",FALSE
Smart Waste Segregation Robot Using AI,Robotics,Civil,Prototype,15499,Develops an advanced smart waste segregation robot using ai to automate tasks and improve operational efficiency.,ADD_IMAGE_LINK,ADD_VIDEO_LINK,"Robotics, Civil, Automation",TRUE
Gesture Controlled Robotic Vehicle Using Machine Learning,Robotics,CSE,Prototype,12999,Develops an advanced gesture controlled robotic vehicle using machine learning to automate tasks and improve operational efficiency.,ADD_IMAGE_LINK,ADD_VIDEO_LINK,"Robotics, CSE, Automation",TRUE
Voice Controlled Intelligent Robot Using Speech Recognition,Robotics,CSE,Product,10999,Develops an advanced voice controlled intelligent robot using speech recognition to automate tasks and improve operational efficiency.,ADD_IMAGE_LINK,ADD_VIDEO_LINK,"Robotics, CSE, Automation",FALSE
AI-Powered Obstacle Avoidance Robot Using Computer Vision,Robotics,CSE,Product,16999,Develops an advanced ai-powered obstacle avoidance robot using computer vision to automate tasks and improve operational efficiency.,ADD_IMAGE_LINK,ADD_VIDEO_LINK,"Robotics, CSE, Automation",TRUE
Machine Learning-Based Human Following Robot,Robotics,CSE,Prototype,15799,Develops an advanced machine learning-based human following robot to automate tasks and improve operational efficiency.,ADD_IMAGE_LINK,ADD_VIDEO_LINK,"Robotics, CSE, Automation",TRUE
Smart Agricultural Rover with Crop Disease Detection,Robotics,Civil,Product,16799,Develops an advanced smart agricultural rover with crop disease detection to automate tasks and improve operational efficiency.,ADD_IMAGE_LINK,ADD_VIDEO_LINK,"Robotics, Civil, Automation",TRUE
AI-Based Autonomous Delivery Robot Using Machine Learning,Robotics,Mechanical,Product,15799,Develops an advanced ai-based autonomous delivery robot using machine learning to automate tasks and improve operational efficiency.,ADD_IMAGE_LINK,ADD_VIDEO_LINK,"Robotics, Mechanical, Automation",FALSE
Speed and direction controlling of dual stepper motor using MATLAB GUI,Simulation,Mechanical,Product,9524,Project focusing on speed and direction controlling of dual stepper motor using matlab gui.,ADD_IMAGE_LINK,ADD_VIDEO_LINK,"Simulation, Mechanical",FALSE
DC motor speed controlling and monitoring with manual RPM input using MATLAB GUI,Simulation,Mechanical,Product,9524,Project focusing on dc motor speed controlling and monitoring with manual rpm input using matlab gui.,ADD_IMAGE_LINK,ADD_VIDEO_LINK,"Simulation, Mechanical",TRUE
Electrical SCADA implementation using wireless Bluetooth based MATLAB,Simulation,EEE,Product,9528,Project focusing on electrical scada implementation using wireless bluetooth based matlab.,ADD_IMAGE_LINK,ADD_VIDEO_LINK,"Simulation, EEE",FALSE
Security integrated system based on wireless access protocol for industrial appliances using MATLAB,Simulation,Civil,Prototype,9524,Project focusing on security integrated system based on wireless access protocol for industrial appliances using matlab.,ADD_IMAGE_LINK,ADD_VIDEO_LINK,"Simulation, Civil",TRUE
Frequency locked loop (FLL) motor speed monitoring and controlling using MATLAB,Simulation,Mechanical,Prototype,9524,Project focusing on frequency locked loop (fll) motor speed monitoring and controlling using matlab.,ADD_IMAGE_LINK,ADD_VIDEO_LINK,"Simulation, Mechanical",FALSE
Hall-effect sensor based motor speed plotting using MATLAB,Simulation,Mechanical,Product,9524,Project focusing on hall-effect sensor based motor speed plotting using matlab.,ADD_IMAGE_LINK,ADD_VIDEO_LINK,"Simulation, Mechanical",TRUE
Power grid monitoring and controlling using MATLAB GUI,Simulation,EEE,Product,9528,Project focusing on power grid monitoring and controlling using matlab gui.,ADD_IMAGE_LINK,ADD_VIDEO_LINK,"Simulation, EEE",FALSE
MATLAB based power theft monitoring and alerting at local substation with address,Simulation,EEE,Prototype,9528,Project focusing on matlab based power theft monitoring and alerting at local substation with address.,ADD_IMAGE_LINK,ADD_VIDEO_LINK,"Simulation, EEE",FALSE
Unified power factor control system with capacitive bank filter and analysis using MATLAB,Simulation,EEE,Prototype,9528,Project focusing on unified power factor control system with capacitive bank filter and analysis using matlab.,ADD_IMAGE_LINK,ADD_VIDEO_LINK,"Simulation, EEE",TRUE
Design of wireless intelligent home appliances control system using ARM and Zigbee based on MATLAB,Simulation,Medical,Prototype,9524,Project focusing on design of wireless intelligent home appliances control system using arm and zigbee based on matlab.,ADD_IMAGE_LINK,ADD_VIDEO_LINK,"Simulation, Medical",TRUE
MATLAB GUI based Home/Industrial Automation,Simulation,EEE,Prototype,9528,Project focusing on matlab gui based home/industrial automation.,ADD_IMAGE_LINK,ADD_VIDEO_LINK,"Simulation, EEE",TRUE
Plotting of temperature using MATLAB wireless communication,Simulation,EEE,Product,9528,Project focusing on plotting of temperature using matlab wireless communication.,ADD_IMAGE_LINK,ADD_VIDEO_LINK,"Simulation, EEE",TRUE
Wireless communication based SCADA system implementation using zigbee based on MATLAB,Simulation,EEE,Product,9528,Project focusing on wireless communication based scada system implementation using zigbee based on matlab.,ADD_IMAGE_LINK,ADD_VIDEO_LINK,"Simulation, EEE",FALSE
Implementation of wireless sensor network using MATLAB and zigbee,Simulation,ECE,Product,9499,Project focusing on implementation of wireless sensor network using matlab and zigbee.,ADD_IMAGE_LINK,ADD_VIDEO_LINK,"Simulation, ECE",TRUE
Plotting and analysis of industrial parameters based MATLAB signal processing using ARM controller interfacing with zigbee,Simulation,EEE,Product,9528,Project focusing on plotting and analysis of industrial parameters based matlab signal processing using arm controller interfacing with zigbee.,ADD_IMAGE_LINK,ADD_VIDEO_LINK,"Simulation, EEE",TRUE
Development of MATLAB based industrial/home device controlling with intensity based on wireless communication,Simulation,Medical,Prototype,9524,Project focusing on development of matlab based industrial/home device controlling with intensity based on wireless communication.,ADD_IMAGE_LINK,ADD_VIDEO_LINK,"Simulation, Medical",TRUE
MATLAB based Close loop temperature for industrial boiler with Resonant Converter for Induction Heating,Simulation,Mechanical,Product,9524,Project focusing on matlab based close loop temperature for industrial boiler with resonant converter for induction heating.,ADD_IMAGE_LINK,ADD_VIDEO_LINK,"Simulation, Mechanical",TRUE
Solar Based Coolants Control System with voltage graph on MATLAB software,Simulation,EEE,Product,9528,Project focusing on solar based coolants control system with voltage graph on matlab software.,ADD_IMAGE_LINK,ADD_VIDEO_LINK,"Simulation, EEE",FALSE
Automated Solar Street lighting system using LED's,Machine Learning,EEE,Prototype,9801,Project focusing on automated solar street lighting system using led's.,ADD_IMAGE_LINK,ADD_VIDEO_LINK,"Machine Learning, EEE",TRUE
Solar tracking system with automated water pump controlling,Robotics,EEE,Prototype,10002,Project focusing on solar tracking system with automated water pump controlling.,ADD_IMAGE_LINK,ADD_VIDEO_LINK,"Robotics, EEE",FALSE
Design and Implementation of Intelligent Urban Irrigation System,Embedded,CSE,Product,6499,Project focusing on design and implementation of intelligent urban irrigation system.,ADD_IMAGE_LINK,ADD_VIDEO_LINK,"Embedded, CSE",FALSE
Smoke and Gas intensity based exhaust fan controlling for industrial use,Embedded,ECE,Product,8599,Project focusing on smoke and gas intensity based exhaust fan controlling for industrial use.,ADD_IMAGE_LINK,ADD_VIDEO_LINK,"Embedded, ECE",TRUE
Feeder overload Protection,Simulation,EEE,Product,9528,Project focusing on feeder overload protection.,ADD_IMAGE_LINK,ADD_VIDEO_LINK,"Simulation, EEE",TRUE
Wireless control of Exhaust fan speed,IoT,Civil,Product,6499,Project focusing on wireless control of exhaust fan speed.,ADD_IMAGE_LINK,ADD_VIDEO_LINK,"IoT, Civil",FALSE
TRIAC and Temperature sensor based Speed control of exhaust fan,Large AI,ECE,Prototype,7999,Project focusing on triac and temperature sensor based speed control of exhaust fan.,ADD_IMAGE_LINK,ADD_VIDEO_LINK,"Large AI, ECE",TRUE
Microcontroller based Protection of power transformer using relay,Simulation,EEE,Product,9528,Project focusing on microcontroller based protection of power transformer using relay.,ADD_IMAGE_LINK,ADD_VIDEO_LINK,"Simulation, EEE",TRUE
Solar Powered self-activated water level sensing and water pumping system,Machine Learning,EEE,Product,9801,Project focusing on solar powered self-activated water level sensing and water pumping system.,ADD_IMAGE_LINK,ADD_VIDEO_LINK,"Machine Learning, EEE",FALSE
Industrial parameters monitoring and crane controlling using Zigbee,Simulation,EEE,Product,9528,Project focusing on industrial parameters monitoring and crane controlling using zigbee.,ADD_IMAGE_LINK,ADD_VIDEO_LINK,"Simulation, EEE",FALSE
Zigbee based power management system,Robotics,EEE,Prototype,10002,Project focusing on zigbee based power management system.,ADD_IMAGE_LINK,ADD_VIDEO_LINK,"Robotics, EEE",TRUE
Water level indicator on LCD,Machine Learning,CSE,Product,8699,Project focusing on water level indicator on lcd.,ADD_IMAGE_LINK,ADD_VIDEO_LINK,"Machine Learning, CSE",TRUE
Bidirectional counter based Power Management with maximum capacity alarm,Simulation,EEE,Product,9528,Project focusing on bidirectional counter based power management with maximum capacity alarm.,ADD_IMAGE_LINK,ADD_VIDEO_LINK,"Simulation, EEE",FALSE
Touch screen based home automation with door controlling,Robotics,Mechanical,Product,12499,Project focusing on touch screen based home automation with door controlling.,ADD_IMAGE_LINK,ADD_VIDEO_LINK,"Robotics, Mechanical",FALSE
GSM based wireless Substation Fuse blown Indicator,Large AI,Civil,Product,7499,Project focusing on gsm based wireless substation fuse blown indicator.,ADD_IMAGE_LINK,ADD_VIDEO_LINK,"Large AI, Civil",FALSE
Pulse Width Modulation (PWM) based DC Motor Closed loop Speed Controller,IoT,Mechanical,Prototype,8605,Project focusing on pulse width modulation (pwm) based dc motor closed loop speed controller.,ADD_IMAGE_LINK,ADD_VIDEO_LINK,"IoT, Mechanical",TRUE
Hall Effect sensor based non-contact Tachometer for electrical motors speed measurement,IoT,EEE,Product,9253,Project focusing on hall effect sensor based non-contact tachometer for electrical motors speed measurement.,ADD_IMAGE_LINK,ADD_VIDEO_LINK,"IoT, EEE",TRUE
Wireless electrical devices monitoring and controlling system for industrial applications,Embedded,EEE,Prototype,8573,Project focusing on wireless electrical devices monitoring and controlling system for industrial applications.,ADD_IMAGE_LINK,ADD_VIDEO_LINK,"Embedded, EEE",TRUE
IR Remote controlled Irrigation water pump controller with single phasing protection,Machine Learning,Mechanical,Prototype,9037,Project focusing on ir remote controlled irrigation water pump controller with single phasing protection.,ADD_IMAGE_LINK,ADD_VIDEO_LINK,"Machine Learning, Mechanical",FALSE
Microcontroller based refrigeration control system,Embedded,Civil,Prototype,9299,Project focusing on microcontroller based refrigeration control system.,ADD_IMAGE_LINK,ADD_VIDEO_LINK,"Embedded, Civil",TRUE
Dual (active and standby) Lithium-ion battery charger for continuous non-interrupted power supply to critical loads,Machine Learning,EEE,Prototype,9801,Project focusing on dual (active and standby) lithium-ion battery charger for continuous non-interrupted power supply to critical loads.,ADD_IMAGE_LINK,ADD_VIDEO_LINK,"Machine Learning, EEE",FALSE
High voltage fuse blown indicator with Voice based announcement system,Large AI,Civil,Prototype,7499,Project focusing on high voltage fuse blown indicator with voice based announcement system.,ADD_IMAGE_LINK,ADD_VIDEO_LINK,"Large AI, Civil",FALSE
Frequency Locked Loop (FLL) Motor speed monitoring and control system,Embedded,Mechanical,Product,12500,Project focusing on frequency locked loop (fll) motor speed monitoring and control system.,ADD_IMAGE_LINK,ADD_VIDEO_LINK,"Embedded, Mechanical",FALSE
Timer based Electrical Oven temperature monitoring and control for Metal Industries,IoT,EEE,Prototype,9253,Project focusing on timer based electrical oven temperature monitoring and control for metal industries.,ADD_IMAGE_LINK,ADD_VIDEO_LINK,"IoT, EEE",FALSE
Hazardous chemical valve control system with stepper motor and RC remote control,Large AI,Mechanical,Product,10105,Project focusing on hazardous chemical valve control system with stepper motor and rc remote control.,ADD_IMAGE_LINK,ADD_VIDEO_LINK,"Large AI, Mechanical",FALSE
Street Light monitoring and control system using GSM based mobile phone,Embedded,Civil,Prototype,9299,Project focusing on street light monitoring and control system using gsm based mobile phone.,ADD_IMAGE_LINK,ADD_VIDEO_LINK,"Embedded, Civil",TRUE
Wireless Energy Meter reading on hand-held device based on RF Transceiver,IoT,CSE,Product,8750,Project focusing on wireless energy meter reading on hand-held device based on rf transceiver.,ADD_IMAGE_LINK,ADD_VIDEO_LINK,"IoT, CSE",TRUE
Zigbee Based Energy Meter reading system on Graphical LCD,Large AI,Medical,Prototype,10105,Project focusing on zigbee based energy meter reading system on graphical lcd.,ADD_IMAGE_LINK,ADD_VIDEO_LINK,"Large AI, Medical",TRUE
Smart Wireless Temperature Data Logger,Simulation,Medical,Prototype,9524,Project focusing on smart wireless temperature data logger.,ADD_IMAGE_LINK,ADD_VIDEO_LINK,"Simulation, Medical",FALSE
"Electrical Data (voltage, current, frequency, temperature) Logger",Embedded,EEE,Product,8573,"Project focusing on electrical data (voltage, current, frequency, temperature) logger.",ADD_IMAGE_LINK,ADD_VIDEO_LINK,"Embedded, EEE",TRUE
Touch screen operated industrial oil dispensing system (OIL SCADA),Robotics,Medical,Product,10501,Project focusing on touch screen operated industrial oil dispensing system (oil scada).,ADD_IMAGE_LINK,ADD_VIDEO_LINK,"Robotics, Medical",FALSE
Timer based automatic power cutoff for industrial sealing/packaging machines,IoT,EEE,Product,9253,Project focusing on timer based automatic power cutoff for industrial sealing/packaging machines.,ADD_IMAGE_LINK,ADD_VIDEO_LINK,"IoT, EEE",TRUE
-wired resistive touch screen controlled lamp dimmer for next generation apartments with Optical isolation and zero crossing detectors,Embedded,Mechanical,Prototype,12500,Project focusing on -wired resistive touch screen controlled lamp dimmer for next generation apartments with optical isolation and zero crossing detectors.,ADD_IMAGE_LINK,ADD_VIDEO_LINK,"Embedded, Mechanical",TRUE
PIR Based Energy conservation system for corporate computers and lighting systems,Robotics,Civil,Prototype,10501,Project focusing on pir based energy conservation system for corporate computers and lighting systems.,ADD_IMAGE_LINK,ADD_VIDEO_LINK,"Robotics, Civil",FALSE
Zigbee based wireless Energy Meter reading and logging system on PC,Machine Learning,Medical,Product,8499,Project focusing on zigbee based wireless energy meter reading and logging system on pc.,ADD_IMAGE_LINK,ADD_VIDEO_LINK,"Machine Learning, Medical",TRUE
Dual GSM Modems Based -phase irrigation water pump controller for illiterates,IoT,Civil,Prototype,6499,Project focusing on dual gsm modems based -phase irrigation water pump controller for illiterates.,ADD_IMAGE_LINK,ADD_VIDEO_LINK,"IoT, Civil",TRUE
Advanced steal industry oven temperature monitoring and control system based on Touch screen,Robotics,EEE,Product,10002,Project focusing on advanced steal industry oven temperature monitoring and control system based on touch screen.,ADD_IMAGE_LINK,ADD_VIDEO_LINK,"Robotics, EEE",FALSE
Advanced industrial/power grid automation system (wireless) using Touch screen,IoT,EEE,Product,9253,Project focusing on advanced industrial/power grid automation system (wireless) using touch screen.,ADD_IMAGE_LINK,ADD_VIDEO_LINK,"IoT, EEE",FALSE
Motor speed monitoring and control system using GSM modem,Simulation,Mechanical,Product,9524,Project focusing on motor speed monitoring and control system using gsm modem.,ADD_IMAGE_LINK,ADD_VIDEO_LINK,"Simulation, Mechanical",TRUE
Intelligent irrigation water system controlling system with GSM technology and soil moisture sensor,Machine Learning,EEE,Prototype,9801,Project focusing on intelligent irrigation water system controlling system with gsm technology and soil moisture sensor.,ADD_IMAGE_LINK,ADD_VIDEO_LINK,"Machine Learning, EEE",TRUE
Controlling of Multiple Devices in industry using Change in Input Frequency,Simulation,Medical,Prototype,9524,Project focusing on controlling of multiple devices in industry using change in input frequency.,ADD_IMAGE_LINK,ADD_VIDEO_LINK,"Simulation, Medical",TRUE
Touch screen based Improved industrial/power grid automation system (wired),Simulation,EEE,Product,9528,Project focusing on touch screen based improved industrial/power grid automation system (wired).,ADD_IMAGE_LINK,ADD_VIDEO_LINK,"Simulation, EEE",FALSE
Industrial/power grid electrical parameter Data Acquisition system through wireless technology,Robotics,EEE,Prototype,10002,Project focusing on industrial/power grid electrical parameter data acquisition system through wireless technology.,ADD_IMAGE_LINK,ADD_VIDEO_LINK,"Robotics, EEE",FALSE
Advanced Substation monitoring and control system,Machine Learning,Mechanical,Prototype,9037,Project focusing on advanced substation monitoring and control system.,ADD_IMAGE_LINK,ADD_VIDEO_LINK,"Machine Learning, Mechanical",FALSE
Smart Fan using PIR sensor,Large AI,Mechanical,Prototype,10105,Project focusing on smart fan using pir sensor.,ADD_IMAGE_LINK,ADD_VIDEO_LINK,"Large AI, Mechanical",TRUE
SCADA implementation based on wireless RF technology,Large AI,ECE,Product,7999,Project focusing on scada implementation based on wireless rf technology.,ADD_IMAGE_LINK,ADD_VIDEO_LINK,"Large AI, ECE",TRUE
Operating AC lamp Dimmer through Mobile Phone,IoT,EEE,Prototype,9253,Project focusing on operating ac lamp dimmer through mobile phone.,ADD_IMAGE_LINK,ADD_VIDEO_LINK,"IoT, EEE",TRUE
Wireless Electrical Devices monitoring and controlling system based on RF transceiver,Simulation,EEE,Prototype,9528,Project focusing on wireless electrical devices monitoring and controlling system based on rf transceiver.,ADD_IMAGE_LINK,ADD_VIDEO_LINK,"Simulation, EEE",TRUE
Controlling Speed and direction of dual stepper motors using ZIGBEE Technology,Embedded,Mechanical,Product,12500,Project focusing on controlling speed and direction of dual stepper motors using zigbee technology.,ADD_IMAGE_LINK,ADD_VIDEO_LINK,"Embedded, Mechanical",FALSE
Construction of Self Activated irrigation water control system using moisture sensor and sprinkler control,Robotics,CSE,Prototype,10501,Project focusing on construction of self activated irrigation water control system using moisture sensor and sprinkler control.,ADD_IMAGE_LINK,ADD_VIDEO_LINK,"Robotics, CSE",TRUE
Wireless power meter monitoring system with automatic tariff calculation on handheld device,Simulation,EEE,Product,9528,Project focusing on wireless power meter monitoring system with automatic tariff calculation on handheld device.,ADD_IMAGE_LINK,ADD_VIDEO_LINK,"Simulation, EEE",FALSE
Multiple Transformers oil temperature monitoring with automatic circuit breaker operation with SMS based alerts,Simulation,CSE,Product,9524,Project focusing on multiple transformers oil temperature monitoring with automatic circuit breaker operation with sms based alerts.,ADD_IMAGE_LINK,ADD_VIDEO_LINK,"Simulation, CSE",FALSE
Energy meter data logging system with Real-time clock and KWH readings Very useful for historical data logging and analysis,IoT,EEE,Product,9253,Project focusing on energy meter data logging system with real-time clock and kwh readings very useful for historical data logging and analysis.,ADD_IMAGE_LINK,ADD_VIDEO_LINK,"IoT, EEE",FALSE
Mobile phone operated password protected Industrial Rolling mills Motor speed and direction control system,Machine Learning,Mechanical,Prototype,9037,Project focusing on mobile phone operated password protected industrial rolling mills motor speed and direction control system.,ADD_IMAGE_LINK,ADD_VIDEO_LINK,"Machine Learning, Mechanical",TRUE
An On-line Monitoring System of Temperature of Conductors and Fittings Based on GSM SMS and Zigbee,Machine Learning,ECE,Prototype,5999,Project focusing on an on-line monitoring system of temperature of conductors and fittings based on gsm sms and zigbee.,ADD_IMAGE_LINK,ADD_VIDEO_LINK,"Machine Learning, ECE",FALSE
A Wireless Data Acquisition and Transmission System Design,Robotics,EEE,Prototype,10002,Project focusing on a wireless data acquisition and transmission system design.,ADD_IMAGE_LINK,ADD_VIDEO_LINK,"Robotics, EEE",FALSE
On-line Monitoring System of Transmission Line Conductor parameters,Robotics,Medical,Prototype,10501,Project focusing on on-line monitoring system of transmission line conductor parameters.,ADD_IMAGE_LINK,ADD_VIDEO_LINK,"Robotics, Medical",TRUE
IR (PWM) Based Wireless DC Motor Speed and Direction Control,Simulation,Mechanical,Product,9524,Project focusing on ir (pwm) based wireless dc motor speed and direction control.,ADD_IMAGE_LINK,ADD_VIDEO_LINK,"Simulation, Mechanical",TRUE
GSM based industrial device security system based on RFID,IoT,EEE,Prototype,9253,Project focusing on gsm based industrial device security system based on rfid.,ADD_IMAGE_LINK,ADD_VIDEO_LINK,"IoT, EEE",FALSE
Remote Controllable Energy saving room architecture based on Zigbee,Large AI,Civil,Prototype,7499,Project focusing on remote controllable energy saving room architecture based on zigbee.,ADD_IMAGE_LINK,ADD_VIDEO_LINK,"Large AI, Civil",FALSE
Energy meter monitoring with display on PC and mobile based on GSM,IoT,Civil,Product,6499,Project focusing on energy meter monitoring with display on pc and mobile based on gsm.,ADD_IMAGE_LINK,ADD_VIDEO_LINK,"IoT, Civil",TRUE
Monitoring and controlling of temperature at threshold value using GSM technology,Embedded,Mechanical,Product,12500,Project focusing on monitoring and controlling of temperature at threshold value using gsm technology.,ADD_IMAGE_LINK,ADD_VIDEO_LINK,"Embedded, Mechanical",FALSE
Industrial gas leakage Sensing & auto dialing controller system,IoT,Medical,Product,6999,Project focusing on industrial gas leakage sensing & auto dialing controller system.,ADD_IMAGE_LINK,ADD_VIDEO_LINK,"IoT, Medical",TRUE
Touch screen operated password protected liquid dispensing system,Embedded,EEE,Prototype,8573,Project focusing on touch screen operated password protected liquid dispensing system.,ADD_IMAGE_LINK,ADD_VIDEO_LINK,"Embedded, EEE",TRUE
Resistive Touch screen controlled contact less DC Motor speed monitoring and controlling with speed limit alerts,Machine Learning,Mechanical,Prototype,9037,Project focusing on resistive touch screen controlled contact less dc motor speed monitoring and controlling with speed limit alerts.,ADD_IMAGE_LINK,ADD_VIDEO_LINK,"Machine Learning, Mechanical",FALSE
Real time home/industrial critical devices status (Wired) using GPRS,Machine Learning,CSE,Prototype,8699,Project focusing on real time home/industrial critical devices status (wired) using gprs.,ADD_IMAGE_LINK,ADD_VIDEO_LINK,"Machine Learning, CSE",TRUE
Self-Supervised Industrial Appliances Monitoring System and remote data acquisition,Robotics,Medical,Product,10501,Project focusing on self-supervised industrial appliances monitoring system and remote data acquisition.,ADD_IMAGE_LINK,ADD_VIDEO_LINK,"Robotics, Medical",FALSE
Irrigation water pump controller using Dual GSM Modems for illiterates,Embedded,CSE,Product,6499,Project focusing on irrigation water pump controller using dual gsm modems for illiterates.,ADD_IMAGE_LINK,ADD_VIDEO_LINK,"Embedded, CSE",FALSE
"Industrial security System using LPG gas, Smoke and Fire Sensors with SMS based alerts",Machine Learning,Medical,Prototype,8499,"Project focusing on industrial security system using lpg gas, smoke and fire sensors with sms based alerts.",ADD_IMAGE_LINK,ADD_VIDEO_LINK,"Machine Learning, Medical",FALSE
Automated power meter reading using GSM network,Robotics,EEE,Product,10002,Project focusing on automated power meter reading using gsm network.,ADD_IMAGE_LINK,ADD_VIDEO_LINK,"Robotics, EEE",TRUE
Implementation of Industrial Wireless SCADA based on Zigbee for temperature and water level sensor,Simulation,Mechanical,Product,9524,Project focusing on implementation of industrial wireless scada based on zigbee for temperature and water level sensor.,ADD_IMAGE_LINK,ADD_VIDEO_LINK,"Simulation, Mechanical",TRUE
Solar data logger into MMC/SD Memory Card,Simulation,EEE,Prototype,9528,Project focusing on solar data logger into mmc/sd memory card.,ADD_IMAGE_LINK,ADD_VIDEO_LINK,"Simulation, EEE",FALSE
MMC/SD key security system for industrial machinery access,Large AI,Medical,Product,10105,Project focusing on mmc/sd key security system for industrial machinery access.,ADD_IMAGE_LINK,ADD_VIDEO_LINK,"Large AI, Medical",FALSE
Industrial temperature and Electrical data into GB MMC with real time monitoring using GSM technology,Embedded,EEE,Product,8573,Project focusing on industrial temperature and electrical data into gb mmc with real time monitoring using gsm technology.,ADD_IMAGE_LINK,ADD_VIDEO_LINK,"Embedded, EEE",FALSE
Machinery access control system for illiterates with image based password with Touch screen,Large AI,ECE,Product,7999,Project focusing on machinery access control system for illiterates with image based password with touch screen.,ADD_IMAGE_LINK,ADD_VIDEO_LINK,"Large AI, ECE",TRUE
Real-time industrial automation based on GSM and wireless Zigbee,Large AI,ECE,Product,7999,Project focusing on real-time industrial automation based on gsm and wireless zigbee.,ADD_IMAGE_LINK,ADD_VIDEO_LINK,"Large AI, ECE",FALSE
GSM based Implementation of SCADA for industrial applications with fencing security system,Embedded,Mechanical,Prototype,12500,Project focusing on gsm based implementation of scada for industrial applications with fencing security system.,ADD_IMAGE_LINK,ADD_VIDEO_LINK,"Embedded, Mechanical",TRUE
Advanced wireless industrial automation system based on Bluetooth,IoT,Civil,Product,6499,Project focusing on advanced wireless industrial automation system based on bluetooth.,ADD_IMAGE_LINK,ADD_VIDEO_LINK,"IoT, Civil",TRUE
Digital RPM Indicator for Electrical Motor with Over speed alarm Indicator,Robotics,EEE,Prototype,10002,Project focusing on digital rpm indicator for electrical motor with over speed alarm indicator.,ADD_IMAGE_LINK,ADD_VIDEO_LINK,"Robotics, EEE",TRUE
Real-time Car battery monitoring and low voltage alert system,IoT,Mechanical,Product,8605,Project focusing on real-time car battery monitoring and low voltage alert system.,ADD_IMAGE_LINK,ADD_VIDEO_LINK,"IoT, Mechanical",FALSE
GSM Based Industrial monitoring and controlling system with fencing automated notifications,Embedded,Civil,Product,9299,Project focusing on gsm based industrial monitoring and controlling system with fencing automated notifications.,ADD_IMAGE_LINK,ADD_VIDEO_LINK,"Embedded, Civil",FALSE
RF transceiver (Zigbee/X-Bee) based energy meter monitoring system (Energy Meter reading on PC over wireless comm),Simulation,Mechanical,Product,9524,Project focusing on rf transceiver (zigbee/x-bee) based energy meter monitoring system (energy meter reading on pc over wireless comm).,ADD_IMAGE_LINK,ADD_VIDEO_LINK,"Simulation, Mechanical",FALSE
AC V Fan speed control system using Blurtooth windows application,Robotics,Medical,Prototype,10501,Project focusing on ac v fan speed control system using blurtooth windows application.,ADD_IMAGE_LINK,ADD_VIDEO_LINK,"Robotics, Medical",FALSE
Control powered devices with mobile phone for free of cost This secure system works only for predefined phone numbers (eg: owner number),Embedded,EEE,Prototype,8573,Project focusing on control powered devices with mobile phone for free of cost this secure system works only for predefined phone numbers (eg: owner number).,ADD_IMAGE_LINK,ADD_VIDEO_LINK,"Embedded, EEE",TRUE
PC Operated Industrial Devices using -relay board,Robotics,Civil,Product,10501,Project focusing on pc operated industrial devices using -relay board.,ADD_IMAGE_LINK,ADD_VIDEO_LINK,"Robotics, Civil",FALSE
DTMF operated soil-moisture sensor,IoT,Mechanical,Product,8605,Project focusing on dtmf operated soil-moisture sensor.,ADD_IMAGE_LINK,ADD_VIDEO_LINK,"IoT, Mechanical",FALSE
Safety Construction for -phase irrigation motor Based on Soil-moisture sensor and temperature sensor,Simulation,Mechanical,Prototype,9524,Project focusing on safety construction for -phase irrigation motor based on soil-moisture sensor and temperature sensor.,ADD_IMAGE_LINK,ADD_VIDEO_LINK,"Simulation, Mechanical",FALSE
Petrochemical Level Indicator and Controller for Self-Activated cotton purification process in spinning mills,Embedded,CSE,Prototype,6499,Project focusing on petrochemical level indicator and controller for self-activated cotton purification process in spinning mills.,ADD_IMAGE_LINK,ADD_VIDEO_LINK,"Embedded, CSE",TRUE
Multiple Device Control using one Input Switch,Robotics,Civil,Prototype,10501,Project focusing on multiple device control using one input switch.,ADD_IMAGE_LINK,ADD_VIDEO_LINK,"Robotics, Civil",FALSE
Talking Touch Home (TTH),Large AI,Medical,Prototype,10105,Project focusing on talking touch home (tth).,ADD_IMAGE_LINK,ADD_VIDEO_LINK,"Large AI, Medical",FALSE
Stepper Motor Control using RF Communication,IoT,Mechanical,Prototype,8605,Project focusing on stepper motor control using rf communication.,ADD_IMAGE_LINK,ADD_VIDEO_LINK,"IoT, Mechanical",FALSE
Wireless matchbox with digital lantern,Simulation,Civil,Prototype,9524,Project focusing on wireless matchbox with digital lantern.,ADD_IMAGE_LINK,ADD_VIDEO_LINK,"Simulation, Civil",TRUE
RF Based Wireless Phase Motor Starter with feedback indicators,Simulation,Mechanical,Product,9524,Project focusing on rf based wireless phase motor starter with feedback indicators.,ADD_IMAGE_LINK,ADD_VIDEO_LINK,"Simulation, Mechanical",FALSE
Monitoring and Controlling of Water Level Using Wireless Sensor,Machine Learning,CSE,Product,8699,Project focusing on monitoring and controlling of water level using wireless sensor.,ADD_IMAGE_LINK,ADD_VIDEO_LINK,"Machine Learning, CSE",TRUE
Implementation of a Versatile Solar Powered Vehicle with Ultrasonic sensors which gives voltage display on LCD,Embedded,EEE,Product,8573,Project focusing on implementation of a versatile solar powered vehicle with ultrasonic sensors which gives voltage display on lcd.,ADD_IMAGE_LINK,ADD_VIDEO_LINK,"Embedded, EEE",TRUE
Wireless Temperature Sensor Integrated Circuits,Simulation,CSE,Prototype,9524,Project focusing on wireless temperature sensor integrated circuits.,ADD_IMAGE_LINK,ADD_VIDEO_LINK,"Simulation, CSE",FALSE
A Novel Wireless Self-powered Microcontroller-based Monitoring Circuit for Photovoltaic Panels in Grid-connected Systems,Machine Learning,EEE,Prototype,9801,Project focusing on a novel wireless self-powered microcontroller-based monitoring circuit for photovoltaic panels in grid-connected systems.,ADD_IMAGE_LINK,ADD_VIDEO_LINK,"Machine Learning, EEE",FALSE
Implementation of Zigbee based Street Light,Simulation,EEE,Product,9528,Project focusing on implementation of zigbee based street light.,ADD_IMAGE_LINK,ADD_VIDEO_LINK,"Simulation, EEE",TRUE
Prepaid card for petrol station using RFID,Machine Learning,Medical,Prototype,8499,Project focusing on prepaid card for petrol station using rfid.,ADD_IMAGE_LINK,ADD_VIDEO_LINK,"Machine Learning, Medical",TRUE
SCADA (Supervisory Control and Data Acquisition) Effectuation using GSM,Large AI,Civil,Prototype,7499,Project focusing on scada (supervisory control and data acquisition) effectuation using gsm.,ADD_IMAGE_LINK,ADD_VIDEO_LINK,"Large AI, Civil",TRUE
Security Integrated system based on wireless access protocol for industrial applications with SMS alert system using GSM modem,Simulation,ECE,Prototype,9499,Project focusing on security integrated system based on wireless access protocol for industrial applications with sms alert system using gsm modem.,ADD_IMAGE_LINK,ADD_VIDEO_LINK,"Simulation, ECE",FALSE
Fabrication of Thermometer with SMS alerts,Machine Learning,Mechanical,Prototype,9037,Project focusing on fabrication of thermometer with sms alerts.,ADD_IMAGE_LINK,ADD_VIDEO_LINK,"Machine Learning, Mechanical",FALSE
Irrigation water pump controller for illiterates based on dual GSM Modems,Embedded,Medical,Product,8632,Project focusing on irrigation water pump controller for illiterates based on dual gsm modems.,ADD_IMAGE_LINK,ADD_VIDEO_LINK,"Embedded, Medical",FALSE
Remote monitoring and control of digital Energy Meter using GSM,Machine Learning,Medical,Product,8499,Project focusing on remote monitoring and control of digital energy meter using gsm.,ADD_IMAGE_LINK,ADD_VIDEO_LINK,"Machine Learning, Medical",FALSE
Electrical Home appliances monitoring and controlling system using GSM with fencing auto alerts,Robotics,EEE,Product,10002,Project focusing on electrical home appliances monitoring and controlling system using gsm with fencing auto alerts.,ADD_IMAGE_LINK,ADD_VIDEO_LINK,"Robotics, EEE",FALSE
Design of Fan Speed Controller Based on temperature and SMS alerts using GSM modem,Embedded,EEE,Product,8573,Project focusing on design of fan speed controller based on temperature and sms alerts using gsm modem.,ADD_IMAGE_LINK,ADD_VIDEO_LINK,"Embedded, EEE",TRUE
Implementation of UPS battery monitoring system over GSM for high availability systems (banking/finance/medical etc),Machine Learning,Medical,Product,8499,Project focusing on implementation of ups battery monitoring system over gsm for high availability systems (banking/finance/medical etc).,ADD_IMAGE_LINK,ADD_VIDEO_LINK,"Machine Learning, Medical",FALSE
GSM and Zigbee Based Real-time home robotization,Robotics,Mechanical,Prototype,12499,Project focusing on gsm and zigbee based real-time home robotization.,ADD_IMAGE_LINK,ADD_VIDEO_LINK,"Robotics, Mechanical",FALSE
"Home security System based on LPG gas, Smoke and Fire Sensors with SMS based alerts",Robotics,ECE,Product,10501,"Project focusing on home security system based on lpg gas, smoke and fire sensors with sms based alerts.",ADD_IMAGE_LINK,ADD_VIDEO_LINK,"Robotics, ECE",TRUE
Motor speed and direction controlling system based on Touch screen,Machine Learning,Mechanical,Product,9037,Project focusing on motor speed and direction controlling system based on touch screen.,ADD_IMAGE_LINK,ADD_VIDEO_LINK,"Machine Learning, Mechanical",TRUE
Controlling of incandescent bulbs intensity by using Touch screen and microcontroller,IoT,Civil,Product,6499,Project focusing on controlling of incandescent bulbs intensity by using touch screen and microcontroller.,ADD_IMAGE_LINK,ADD_VIDEO_LINK,"IoT, Civil",TRUE
Touch screen based temperature monitoring and control system with graphical LCD,Machine Learning,ECE,Product,5999,Project focusing on touch screen based temperature monitoring and control system with graphical lcd.,ADD_IMAGE_LINK,ADD_VIDEO_LINK,"Machine Learning, ECE",TRUE
Volumetric Oil Dispenser operated by Touch screen,IoT,Mechanical,Product,8605,Project focusing on volumetric oil dispenser operated by touch screen.,ADD_IMAGE_LINK,ADD_VIDEO_LINK,"IoT, Mechanical",FALSE
TV Remote Based Controlling of PC and Devices with Password protection,IoT,CSE,Product,8750,Project focusing on tv remote based controlling of pc and devices with password protection.,ADD_IMAGE_LINK,ADD_VIDEO_LINK,"IoT, CSE",FALSE
UPFC - Unified Power Factor Control,Large AI,EEE,Prototype,10890,Project focusing on upfc - unified power factor control.,ADD_IMAGE_LINK,ADD_VIDEO_LINK,"Large AI, EEE",TRUE
Touch screen based AC motor speed Monitoring and control system,Large AI,Mechanical,Product,10105,Project focusing on touch screen based ac motor speed monitoring and control system.,ADD_IMAGE_LINK,ADD_VIDEO_LINK,"Large AI, Mechanical",TRUE
Transformer Overload alert with voice announcing feature,Robotics,Mechanical,Product,12499,Project focusing on transformer overload alert with voice announcing feature.,ADD_IMAGE_LINK,ADD_VIDEO_LINK,"Robotics, Mechanical",FALSE
DTMF based -phase irrigation Control with Feedback,Embedded,ECE,Product,8599,Project focusing on dtmf based -phase irrigation control with feedback.,ADD_IMAGE_LINK,ADD_VIDEO_LINK,"Embedded, ECE",FALSE
DC Motors speed synchronization for rolling mills (With two motors with display on LCD),Simulation,Mechanical,Prototype,9524,Project focusing on dc motors speed synchronization for rolling mills (with two motors with display on lcd).,ADD_IMAGE_LINK,ADD_VIDEO_LINK,"Simulation, Mechanical",FALSE
High voltage fuse blown indicator with display on PC with optical isolation between PC and HV bus bars,Large AI,Civil,Product,7499,Project focusing on high voltage fuse blown indicator with display on pc with optical isolation between pc and hv bus bars.,ADD_IMAGE_LINK,ADD_VIDEO_LINK,"Large AI, Civil",TRUE
GSM Based POWER GRID devices monitoring and controlling system,Machine Learning,EEE,Product,9801,Project focusing on gsm based power grid devices monitoring and controlling system.,ADD_IMAGE_LINK,ADD_VIDEO_LINK,"Machine Learning, EEE",TRUE
Design of automatic single phasing preventing system for -phase industrial Motors,Robotics,Mechanical,Prototype,12499,Project focusing on design of automatic single phasing preventing system for -phase industrial motors.,ADD_IMAGE_LINK,ADD_VIDEO_LINK,"Robotics, Mechanical",FALSE
SMS Technology based Energy meter monitoring and control system,Robotics,Medical,Prototype,10501,Project focusing on sms technology based energy meter monitoring and control system.,ADD_IMAGE_LINK,ADD_VIDEO_LINK,"Robotics, Medical",FALSE
Transformer oil temperature monitoring with automatic Circuit Breaker operation,Embedded,Medical,Prototype,8632,Project focusing on transformer oil temperature monitoring with automatic circuit breaker operation.,ADD_IMAGE_LINK,ADD_VIDEO_LINK,"Embedded, Medical",FALSE
Voice enabled V lamp dimmer with levels of intensity control,Robotics,Medical,Prototype,10501,Project focusing on voice enabled v lamp dimmer with levels of intensity control.,ADD_IMAGE_LINK,ADD_VIDEO_LINK,"Robotics, Medical",TRUE
Priority based power distribution system,IoT,EEE,Product,9253,Project focusing on priority based power distribution system.,ADD_IMAGE_LINK,ADD_VIDEO_LINK,"IoT, EEE",FALSE
Centralized energy meter for display distance at meters - Avoiding tampering of electrical energy meter in houses,Machine Learning,EEE,Prototype,9801,Project focusing on centralized energy meter for display distance at meters - avoiding tampering of electrical energy meter in houses.,ADD_IMAGE_LINK,ADD_VIDEO_LINK,"Machine Learning, EEE",TRUE
Wireless Power Factor monitoring and controlling through PC,Large AI,EEE,Prototype,10890,Project focusing on wireless power factor monitoring and controlling through pc.,ADD_IMAGE_LINK,ADD_VIDEO_LINK,"Large AI, EEE",TRUE
Development of parabolic solar reflectors,IoT,EEE,Prototype,9253,Project focusing on development of parabolic solar reflectors.,ADD_IMAGE_LINK,ADD_VIDEO_LINK,"IoT, EEE",FALSE
Transformer load sharing with SMS alerting,Machine Learning,Civil,Product,9037,Project focusing on transformer load sharing with sms alerting.,ADD_IMAGE_LINK,ADD_VIDEO_LINK,"Machine Learning, Civil",FALSE
FOOT STEP POWER GENERATION SYSTEM,Machine Learning,EEE,Prototype,9801,Project focusing on foot step power generation system.,ADD_IMAGE_LINK,ADD_VIDEO_LINK,"Machine Learning, EEE",TRUE
Under ground -phase fault detection,Large AI,Civil,Product,7499,Project focusing on under ground -phase fault detection.,ADD_IMAGE_LINK,ADD_VIDEO_LINK,"Large AI, Civil",FALSE
Design and construction of Earth fault relay for single phase power system,Machine Learning,EEE,Product,9801,Project focusing on design and construction of earth fault relay for single phase power system.,ADD_IMAGE_LINK,ADD_VIDEO_LINK,"Machine Learning, EEE",TRUE
Maximum Demand Controller & Fault Alerting For Industries,Embedded,Medical,Prototype,8632,Project focusing on maximum demand controller & fault alerting for industries.,ADD_IMAGE_LINK,ADD_VIDEO_LINK,"Embedded, Medical",TRUE
Wireless mobile phone charging based on wireless power transmission,Simulation,EEE,Product,9528,Project focusing on wireless mobile phone charging based on wireless power transmission.,ADD_IMAGE_LINK,ADD_VIDEO_LINK,"Simulation, EEE",FALSE
Wireless power theft monitoring with automatic circuit breaker system and indication at local substations,Robotics,EEE,Product,10002,Project focusing on wireless power theft monitoring with automatic circuit breaker system and indication at local substations.,ADD_IMAGE_LINK,ADD_VIDEO_LINK,"Robotics, EEE",FALSE
Energy Tapping Identifier using Wireless Data Acquisition System,Embedded,ECE,Prototype,8599,Project focusing on energy tapping identifier using wireless data acquisition system.,ADD_IMAGE_LINK,ADD_VIDEO_LINK,"Embedded, ECE",FALSE
Automatic Active Phase selector for single phase load from three phase supply,Large AI,EEE,Product,10890,Project focusing on automatic active phase selector for single phase load from three phase supply.,ADD_IMAGE_LINK,ADD_VIDEO_LINK,"Large AI, EEE",FALSE
Bluetooth Energy Meter,Robotics,Medical,Prototype,10501,Project focusing on bluetooth energy meter.,ADD_IMAGE_LINK,ADD_VIDEO_LINK,"Robotics, Medical",TRUE
Water pumping system using Wind Power,Simulation,EEE,Product,9528,Project focusing on water pumping system using wind power.,ADD_IMAGE_LINK,ADD_VIDEO_LINK,"Simulation, EEE",TRUE
GSM based SCADA Execution using IR Sensor for industrial applications,Large AI,Medical,Product,10105,Project focusing on gsm based scada execution using ir sensor for industrial applications.,ADD_IMAGE_LINK,ADD_VIDEO_LINK,"Large AI, Medical",FALSE
GSM Based Monitoring and Auto-Controlling of -phase irrigation motor,IoT,Mechanical,Product,8605,Project focusing on gsm based monitoring and auto-controlling of -phase irrigation motor.,ADD_IMAGE_LINK,ADD_VIDEO_LINK,"IoT, Mechanical",TRUE
Hybrid Power Generation Based Portable Refrigerator,Large AI,EEE,Prototype,10890,Project focusing on hybrid power generation based portable refrigerator.,ADD_IMAGE_LINK,ADD_VIDEO_LINK,"Large AI, EEE",TRUE
Design And Implementation On The Intelligent Management System Of Garage In The Community Based On Zigbee,IoT,EEE,Product,9253,Project focusing on design and implementation on the intelligent management system of garage in the community based on zigbee.,ADD_IMAGE_LINK,ADD_VIDEO_LINK,"IoT, EEE",TRUE
Advanced Railway Track Fault Detection System With Remote Station Messaging System Using Zigbee Communication,Machine Learning,Civil,Product,9037,Project focusing on advanced railway track fault detection system with remote station messaging system using zigbee communication.,ADD_IMAGE_LINK,ADD_VIDEO_LINK,"Machine Learning, Civil",FALSE
Solar Based Air Compressor Pump For Car Bike Tire Inflate,Machine Learning,EEE,Prototype,9801,Project focusing on solar based air compressor pump for car bike tire inflate.,ADD_IMAGE_LINK,ADD_VIDEO_LINK,"Machine Learning, EEE",FALSE
Fabrication of Electric Scooter with Self Charging Dynamos,IoT,CSE,Product,8750,Project focusing on fabrication of electric scooter with self charging dynamos.,ADD_IMAGE_LINK,ADD_VIDEO_LINK,"IoT, CSE",TRUE
A High Step up Converter with a Voltage Multiplier,Large AI,CSE,Prototype,10105,Project focusing on a high step up converter with a voltage multiplier.,ADD_IMAGE_LINK,ADD_VIDEO_LINK,"Large AI, CSE",TRUE
Wind Power Based Refrigerator,Simulation,EEE,Prototype,9528,Project focusing on wind power based refrigerator.,ADD_IMAGE_LINK,ADD_VIDEO_LINK,"Simulation, EEE",FALSE
Various Control Of Electrical & Electronic Equipment Using DTMF With Voice Assistance,Robotics,EEE,Prototype,10002,Project focusing on various control of electrical & electronic equipment using dtmf with voice assistance.,ADD_IMAGE_LINK,ADD_VIDEO_LINK,"Robotics, EEE",FALSE
Realization of Home Automation Control System & High Security Using Power Line Communication Technology,Simulation,EEE,Prototype,9528,Project focusing on realization of home automation control system & high security using power line communication technology.,ADD_IMAGE_LINK,ADD_VIDEO_LINK,"Simulation, EEE",FALSE
Energy-Efficient Wireless Multimedia Sensor Networks Using FM as A Control Channel,IoT,Mechanical,Prototype,8605,Project focusing on energy-efficient wireless multimedia sensor networks using fm as a control channel.,ADD_IMAGE_LINK,ADD_VIDEO_LINK,"IoT, Mechanical",TRUE
Industrial Security System with Intruder Detection Alerts Using FM Radio Signals,Simulation,Medical,Product,9524,Project focusing on industrial security system with intruder detection alerts using fm radio signals.,ADD_IMAGE_LINK,ADD_VIDEO_LINK,"Simulation, Medical",TRUE
A Smart Card Based Prepaid Electricity System With FM Transmission Alerts,Machine Learning,CSE,Product,8699,Project focusing on a smart card based prepaid electricity system with fm transmission alerts.,ADD_IMAGE_LINK,ADD_VIDEO_LINK,"Machine Learning, CSE",TRUE
Auto Metro Train to Shuttle between Stations and Station name announcement using FM radio signals,Machine Learning,ECE,Product,5999,Project focusing on auto metro train to shuttle between stations and station name announcement using fm radio signals.,ADD_IMAGE_LINK,ADD_VIDEO_LINK,"Machine Learning, ECE",FALSE
Design and Construction of Central Irrigation Motor Control Unit with FM Radio Transmissions Enabled Features,Embedded,Mechanical,Prototype,12500,Project focusing on design and construction of central irrigation motor control unit with fm radio transmissions enabled features.,ADD_IMAGE_LINK,ADD_VIDEO_LINK,"Embedded, Mechanical",FALSE
Design and Development of College Radio with Our Own Frequency For mtrs Of Region,Embedded,ECE,Prototype,8599,Project focusing on design and development of college radio with our own frequency for mtrs of region.,ADD_IMAGE_LINK,ADD_VIDEO_LINK,"Embedded, ECE",TRUE
Design of a Remote Measurement and Control System For Green House Based On FM Radio,Large AI,Mechanical,Prototype,10105,Project focusing on design of a remote measurement and control system for green house based on fm radio.,ADD_IMAGE_LINK,ADD_VIDEO_LINK,"Large AI, Mechanical",FALSE
Security Integrated System Based On Wireless Access Protocol For Industrial Applications With FM Radio Signals Based Announcements,Robotics,Mechanical,Product,12499,Project focusing on security integrated system based on wireless access protocol for industrial applications with fm radio signals based announcements.,ADD_IMAGE_LINK,ADD_VIDEO_LINK,"Robotics, Mechanical",FALSE
Advanced Fire Extinguisher Robot Controlling With Android Mobile Phone,Robotics,Mechanical,Product,12499,Project focusing on advanced fire extinguisher robot controlling with android mobile phone.,ADD_IMAGE_LINK,ADD_VIDEO_LINK,"Robotics, Mechanical",TRUE
Remote Ac Power Control By Android Application With LCD Display,Robotics,EEE,Prototype,10002,Project focusing on remote ac power control by android application with lcd display.,ADD_IMAGE_LINK,ADD_VIDEO_LINK,"Robotics, EEE",TRUE
Program Based Accurate Intensity Control Lamp,IoT,EEE,Product,9253,Project focusing on program based accurate intensity control lamp.,ADD_IMAGE_LINK,ADD_VIDEO_LINK,"IoT, EEE",TRUE
Induction Motor Speed Control By Thyristor,Simulation,Mechanical,Product,9524,Project focusing on induction motor speed control by thyristor.,ADD_IMAGE_LINK,ADD_VIDEO_LINK,"Simulation, Mechanical",TRUE
ACPWM Control for Induction Motor,Machine Learning,Mechanical,Prototype,9037,Project focusing on acpwm control for induction motor.,ADD_IMAGE_LINK,ADD_VIDEO_LINK,"Machine Learning, Mechanical",FALSE
Integrated Energy Management System Based On GSM With User Programmable Number Features And Acknowledgement Features,Robotics,Civil,Product,10501,Project focusing on integrated energy management system based on gsm with user programmable number features and acknowledgement features.,ADD_IMAGE_LINK,ADD_VIDEO_LINK,"Robotics, Civil",TRUE
Integral Cycle Switching (Cycle Stealing) Means Of Power Control Without Generating Harmonics,IoT,EEE,Product,9253,Project focusing on integral cycle switching (cycle stealing) means of power control without generating harmonics.,ADD_IMAGE_LINK,ADD_VIDEO_LINK,"IoT, EEE",TRUE
Automatic Star Delta Starter Using Relays and Adjustable Electronic Timer for Induction Motor,Simulation,Mechanical,Prototype,9524,Project focusing on automatic star delta starter using relays and adjustable electronic timer for induction motor.,ADD_IMAGE_LINK,ADD_VIDEO_LINK,"Simulation, Mechanical",TRUE
Three Phase Fault Analysis with Auto Reset On Temporary Fault and Permanent Trip Otherwise,Embedded,Mechanical,Product,12500,Project focusing on three phase fault analysis with auto reset on temporary fault and permanent trip otherwise.,ADD_IMAGE_LINK,ADD_VIDEO_LINK,"Embedded, Mechanical",TRUE
"Auto Selection of Optimum Power From Different Sources-Solar, Mains, Generator & Inverter To Ensure No Break Power",Machine Learning,EEE,Product,9801,"Project focusing on auto selection of optimum power from different sources-solar, mains, generator & inverter to ensure no break power.",ADD_IMAGE_LINK,ADD_VIDEO_LINK,"Machine Learning, EEE",FALSE
Grid Synchronization Fail Detection on Sensing Frequency Or Voltage Beyond Range,Machine Learning,EEE,Prototype,9801,Project focusing on grid synchronization fail detection on sensing frequency or voltage beyond range.,ADD_IMAGE_LINK,ADD_VIDEO_LINK,"Machine Learning, EEE",FALSE
APFC (Automatic Power Factor Compensation) For Industrial Power Use to Minimize Penalty,Robotics,EEE,Prototype,10002,Project focusing on apfc (automatic power factor compensation) for industrial power use to minimize penalty.,ADD_IMAGE_LINK,ADD_VIDEO_LINK,"Robotics, EEE",TRUE
Electric Line Man Safety with Password Based Circuit Breaker,Simulation,Medical,Prototype,9524,Project focusing on electric line man safety with password based circuit breaker.,ADD_IMAGE_LINK,ADD_VIDEO_LINK,"Simulation, Medical",FALSE
Intelligent Pollution Control System: Auto Ignition Cut Off For Automotives By Detecting Carbon Monoxide,Robotics,Civil,Product,10501,Project focusing on intelligent pollution control system: auto ignition cut off for automotives by detecting carbon monoxide.,ADD_IMAGE_LINK,ADD_VIDEO_LINK,"Robotics, Civil",TRUE
Solar Based Electric Car,Simulation,EEE,Product,9528,Project focusing on solar based electric car.,ADD_IMAGE_LINK,ADD_VIDEO_LINK,"Simulation, EEE",FALSE
Sensor Movement Based Sensor Switching For Data Acquisition,Embedded,Mechanical,Prototype,12500,Project focusing on sensor movement based sensor switching for data acquisition.,ADD_IMAGE_LINK,ADD_VIDEO_LINK,"Embedded, Mechanical",FALSE
Zigbee Based Sensor Networks For Temperature Monitoring And Controlling,Simulation,ECE,Prototype,9499,Project focusing on zigbee based sensor networks for temperature monitoring and controlling.,ADD_IMAGE_LINK,ADD_VIDEO_LINK,"Simulation, ECE",FALSE
Wireless Relay Controller Using Android Smartphone,IoT,CSE,Product,8750,Project focusing on wireless relay controller using android smartphone.,ADD_IMAGE_LINK,ADD_VIDEO_LINK,"IoT, CSE",FALSE
Wireless Transmission And Analysis Of Physical Variations In The Atmosphere Using Zigbee,Embedded,EEE,Prototype,8573,Project focusing on wireless transmission and analysis of physical variations in the atmosphere using zigbee.,ADD_IMAGE_LINK,ADD_VIDEO_LINK,"Embedded, EEE",TRUE
Smart home using Android application,Large AI,Civil,Product,7499,Project focusing on smart home using android application.,ADD_IMAGE_LINK,ADD_VIDEO_LINK,"Large AI, Civil",FALSE
Railway Track Pedestrian Crossing between Platforms (Movable and flexible railway platform),Machine Learning,Civil,Product,9037,Project focusing on railway track pedestrian crossing between platforms (movable and flexible railway platform).,ADD_IMAGE_LINK,ADD_VIDEO_LINK,"Machine Learning, Civil",TRUE
Real Time Atomization of Agriculture System Using Arm,Embedded,CSE,Product,6499,Project focusing on real time atomization of agriculture system using arm.,ADD_IMAGE_LINK,ADD_VIDEO_LINK,"Embedded, CSE",TRUE
PI Controller for Energy Management System in Hybrid Electric Ship,Simulation,Civil,Product,9524,Project focusing on pi controller for energy management system in hybrid electric ship.,ADD_IMAGE_LINK,ADD_VIDEO_LINK,"Simulation, Civil",FALSE
High Way Vehicle Speed Control & Automatic Breaking System,Large AI,CSE,Product,10105,Project focusing on high way vehicle speed control & automatic breaking system.,ADD_IMAGE_LINK,ADD_VIDEO_LINK,"Large AI, CSE",FALSE
Green cooperative communication network using renewable energy sources,Embedded,Mechanical,Product,12500,Project focusing on green cooperative communication network using renewable energy sources.,ADD_IMAGE_LINK,ADD_VIDEO_LINK,"Embedded, Mechanical",FALSE
Fire Accident Avoidance System in Trains Using GSM Technology,Machine Learning,Medical,Prototype,8499,Project focusing on fire accident avoidance system in trains using gsm technology.,ADD_IMAGE_LINK,ADD_VIDEO_LINK,"Machine Learning, Medical",FALSE
Design and implementation of a WiFi sensor device management system,IoT,Medical,Prototype,6999,Project focusing on design and implementation of a wifi sensor device management system.,ADD_IMAGE_LINK,ADD_VIDEO_LINK,"IoT, Medical",FALSE
WiFi Sensor Networks: A study of energy consumption,Embedded,Mechanical,Prototype,12500,Project focusing on wifi sensor networks: a study of energy consumption.,ADD_IMAGE_LINK,ADD_VIDEO_LINK,"Embedded, Mechanical",TRUE
Greening Residential WiFi Networks under Centralized Control,Machine Learning,CSE,Prototype,8699,Project focusing on greening residential wifi networks under centralized control.,ADD_IMAGE_LINK,ADD_VIDEO_LINK,"Machine Learning, CSE",FALSE
Developments of the in-home display systems for residential energy monitoring,Embedded,Medical,Prototype,8632,Project focusing on developments of the in-home display systems for residential energy monitoring.,ADD_IMAGE_LINK,ADD_VIDEO_LINK,"Embedded, Medical",FALSE
A Green Solution for Intelligent Metropolitan Heating system with uSDCards,Large AI,Medical,Product,10105,Project focusing on a green solution for intelligent metropolitan heating system with usdcards.,ADD_IMAGE_LINK,ADD_VIDEO_LINK,"Large AI, Medical",FALSE
Effectiveness of current methods for determining the nutrient level of soil ideal for crop cultivation and an approach to implement new technologies to test the soil,Machine Learning,ECE,Product,5999,Project focusing on effectiveness of current methods for determining the nutrient level of soil ideal for crop cultivation and an approach to implement new technologies to test the soil.,ADD_IMAGE_LINK,ADD_VIDEO_LINK,"Machine Learning, ECE",FALSE
Droid Ei – An Approach to Android Electronic Integration,Embedded,Medical,Product,8632,Project focusing on droid ei – an approach to android electronic integration.,ADD_IMAGE_LINK,ADD_VIDEO_LINK,"Embedded, Medical",TRUE
Development of Solar Dryer Incorporated With Evacuated Tube Collector,Large AI,EEE,Product,10890,Project focusing on development of solar dryer incorporated with evacuated tube collector.,ADD_IMAGE_LINK,ADD_VIDEO_LINK,"Large AI, EEE",FALSE
Design of an Automatic Water Level Controller Using Mercury Float Switch,Machine Learning,EEE,Product,9801,Project focusing on design of an automatic water level controller using mercury float switch.,ADD_IMAGE_LINK,ADD_VIDEO_LINK,"Machine Learning, EEE",TRUE
Solar data logger into USB Pen drive,IoT,EEE,Prototype,9253,Project focusing on solar data logger into usb pen drive.,ADD_IMAGE_LINK,ADD_VIDEO_LINK,"IoT, EEE",FALSE
ARM- based Automated Irrigation System Using a Wireless Sensor Network and GPRS Module,Embedded,EEE,Product,8573,Project focusing on arm- based automated irrigation system using a wireless sensor network and gprs module.,ADD_IMAGE_LINK,ADD_VIDEO_LINK,"Embedded, EEE",FALSE
Under ground -phase fault detection,Large AI,CSE,Product,10105,Project focusing on under ground -phase fault detection.,ADD_IMAGE_LINK,ADD_VIDEO_LINK,"Large AI, CSE",FALSE
Wireless mobile phone charging based on wireless power transmission,Machine Learning,EEE,Product,9801,Project focusing on wireless mobile phone charging based on wireless power transmission.,ADD_IMAGE_LINK,ADD_VIDEO_LINK,"Machine Learning, EEE",FALSE
Accessible Display Design To Control Home Area Networks Power Line Carrier Communication (PLCC),Machine Learning,EEE,Prototype,9801,Project focusing on accessible display design to control home area networks power line carrier communication (plcc).,ADD_IMAGE_LINK,ADD_VIDEO_LINK,"Machine Learning, EEE",FALSE
An Advanced Central Irrigation Control Unit Helpful For Farmers By Preventing Electric Shocks By Using Power Line Carrier Communication (PLCC),Large AI,EEE,Prototype,10890,Project focusing on an advanced central irrigation control unit helpful for farmers by preventing electric shocks by using power line carrier communication (plcc).,ADD_IMAGE_LINK,ADD_VIDEO_LINK,"Large AI, EEE",FALSE
Universal Remote Controller For Home/ Industrial Devices Controlling Using Power Line Carrier Communication (PLCC),IoT,EEE,Product,9253,Project focusing on universal remote controller for home/ industrial devices controlling using power line carrier communication (plcc).,ADD_IMAGE_LINK,ADD_VIDEO_LINK,"IoT, EEE",TRUE
-Phase Induction Motor Safety System Implementation Using Power Line Carrier Communication (PLCC),Robotics,EEE,Product,10002,Project focusing on -phase induction motor safety system implementation using power line carrier communication (plcc).,ADD_IMAGE_LINK,ADD_VIDEO_LINK,"Robotics, EEE",TRUE
Energy Tampering Identification in Highway Electric Lines Using Power Line Carrier Communication (PLCC),Robotics,EEE,Product,10002,Project focusing on energy tampering identification in highway electric lines using power line carrier communication (plcc).,ADD_IMAGE_LINK,ADD_VIDEO_LINK,"Robotics, EEE",FALSE
Energy Meter Tampering Alerting System (Power Theft) Using Power Line Carrier Communication (PLCC),Machine Learning,EEE,Product,9801,Project focusing on energy meter tampering alerting system (power theft) using power line carrier communication (plcc).,ADD_IMAGE_LINK,ADD_VIDEO_LINK,"Machine Learning, EEE",FALSE
FM Radio Signals Based Power Theft Monitoring With Automatic Circuit Breaker System,Large AI,EEE,Product,10890,Project focusing on fm radio signals based power theft monitoring with automatic circuit breaker system.,ADD_IMAGE_LINK,ADD_VIDEO_LINK,"Large AI, EEE",TRUE
Power Grid Monitoring and Controlling Through Power Line Carrier Communication (PLCC),Large AI,EEE,Prototype,10890,Project focusing on power grid monitoring and controlling through power line carrier communication (plcc).,ADD_IMAGE_LINK,ADD_VIDEO_LINK,"Large AI, EEE",TRUE
Programmable Load Shedding Time Management for Utility Development,Machine Learning,ECE,Prototype,5999,Project focusing on programmable load shedding time management for utility development.,ADD_IMAGE_LINK,ADD_VIDEO_LINK,"Machine Learning, ECE",FALSE
GSM based Energy meter with tampering alert,Simulation,Civil,Product,9524,Project focusing on gsm based energy meter with tampering alert.,ADD_IMAGE_LINK,ADD_VIDEO_LINK,"Simulation, Civil",TRUE
Universal remote controller with haptic interface for customer electronic devices,Robotics,Medical,Prototype,10501,Project focusing on universal remote controller with haptic interface for customer electronic devices.,ADD_IMAGE_LINK,ADD_VIDEO_LINK,"Robotics, Medical",FALSE
Automated Power factor correction and Notifications through the GSM technology,Embedded,EEE,Prototype,8573,Project focusing on automated power factor correction and notifications through the gsm technology.,ADD_IMAGE_LINK,ADD_VIDEO_LINK,"Embedded, EEE",FALSE
Fabrication of solar irrigation System,Large AI,EEE,Prototype,10890,Project focusing on fabrication of solar irrigation system.,ADD_IMAGE_LINK,ADD_VIDEO_LINK,"Large AI, EEE",FALSE
Solar induction motor driver,Machine Learning,EEE,Product,9801,Project focusing on solar induction motor driver.,ADD_IMAGE_LINK,ADD_VIDEO_LINK,"Machine Learning, EEE",TRUE
"Hybrid power generation using solar, wind and hydel and designing of high efficient inverter",Robotics,EEE,Prototype,10002,"Project focusing on hybrid power generation using solar, wind and hydel and designing of high efficient inverter.",ADD_IMAGE_LINK,ADD_VIDEO_LINK,"Robotics, EEE",TRUE
Fabrication of solar powered Grass Cutting Machine,Simulation,EEE,Product,9528,Project focusing on fabrication of solar powered grass cutting machine.,ADD_IMAGE_LINK,ADD_VIDEO_LINK,"Simulation, EEE",TRUE
Fabrication of hydroelectric power generation system,Large AI,EEE,Product,10890,Project focusing on fabrication of hydroelectric power generation system.,ADD_IMAGE_LINK,ADD_VIDEO_LINK,"Large AI, EEE",FALSE
Fabrication of Steam Power Plant with generators,IoT,EEE,Product,9253,Project focusing on fabrication of steam power plant with generators.,ADD_IMAGE_LINK,ADD_VIDEO_LINK,"IoT, EEE",TRUE
Prepaid Electricity System using Smart Card,Machine Learning,Medical,Prototype,8499,Project focusing on prepaid electricity system using smart card.,ADD_IMAGE_LINK,ADD_VIDEO_LINK,"Machine Learning, Medical",FALSE
GSM Based Prepaid energy meter,Machine Learning,EEE,Prototype,9801,Project focusing on gsm based prepaid energy meter.,ADD_IMAGE_LINK,ADD_VIDEO_LINK,"Machine Learning, EEE",FALSE
DC Motor Speed Controlling using SMS with password protection,Simulation,Mechanical,Prototype,9524,Project focusing on dc motor speed controlling using sms with password protection.,ADD_IMAGE_LINK,ADD_VIDEO_LINK,"Simulation, Mechanical",TRUE
"Hybrid Power Generation using Solar, Wind and Piezo",Embedded,EEE,Prototype,8573,"Project focusing on hybrid power generation using solar, wind and piezo.",ADD_IMAGE_LINK,ADD_VIDEO_LINK,"Embedded, EEE",TRUE
PIC Based Hybrid Power Generation,Machine Learning,EEE,Prototype,9801,Project focusing on pic based hybrid power generation.,ADD_IMAGE_LINK,ADD_VIDEO_LINK,"Machine Learning, EEE",FALSE
Development of Central Control Unit for Irrigation water pumps Cost effective method to control entire villager’s water pumps with user level authentication Illiterate’s friendly system,IoT,ECE,Product,8449,Project focusing on development of central control unit for irrigation water pumps cost effective method to control entire villager’s water pumps with user level authentication illiterate’s friendly system.,ADD_IMAGE_LINK,ADD_VIDEO_LINK,"IoT, ECE",FALSE
High Power LED based smart streetlight controlling system using GSM and Vehicle Counter,IoT,EEE,Prototype,9253,Project focusing on high power led based smart streetlight controlling system using gsm and vehicle counter.,ADD_IMAGE_LINK,ADD_VIDEO_LINK,"IoT, EEE",FALSE
Solar Powered Home Appliances,Embedded,EEE,Prototype,8573,Project focusing on solar powered home appliances.,ADD_IMAGE_LINK,ADD_VIDEO_LINK,"Embedded, EEE",TRUE
Hydel Power Generation with Over Head Tank,Robotics,EEE,Prototype,10002,Project focusing on hydel power generation with over head tank.,ADD_IMAGE_LINK,ADD_VIDEO_LINK,"Robotics, EEE",FALSE
Power Line Carrier Communication (PLCC) Based SCADA Implementation,Simulation,EEE,Product,9528,Project focusing on power line carrier communication (plcc) based scada implementation.,ADD_IMAGE_LINK,ADD_VIDEO_LINK,"Simulation, EEE",TRUE
Ac v over and Under Voltage Protection For High Voltage Electrical Appliances And Alerts Using FM Radio Signals,IoT,EEE,Prototype,9253,Project focusing on ac v over and under voltage protection for high voltage electrical appliances and alerts using fm radio signals.,ADD_IMAGE_LINK,ADD_VIDEO_LINK,"IoT, EEE",TRUE
Wireless Power Transmission for Mobile and Vehicle,Robotics,EEE,Prototype,10002,Project focusing on wireless power transmission for mobile and vehicle.,ADD_IMAGE_LINK,ADD_VIDEO_LINK,"Robotics, EEE",TRUE
Wireless Power Theft Monitoring And Controlling Unit for Substation,Embedded,EEE,Prototype,8573,Project focusing on wireless power theft monitoring and controlling unit for substation.,ADD_IMAGE_LINK,ADD_VIDEO_LINK,"Embedded, EEE",TRUE
Wireless power meter monitoring with power theft detection and intimation system using GSM and Zigbee networks,Simulation,EEE,Prototype,9528,Project focusing on wireless power meter monitoring with power theft detection and intimation system using gsm and zigbee networks.,ADD_IMAGE_LINK,ADD_VIDEO_LINK,"Simulation, EEE",FALSE
Solar Maximum Power Point Tracking and Its Application to Green House,Large AI,EEE,Product,10890,Project focusing on solar maximum power point tracking and its application to green house.,ADD_IMAGE_LINK,ADD_VIDEO_LINK,"Large AI, EEE",FALSE
Smart Remote Control: Universal Remote Control using RF Sensors and GSM Technology,IoT,ECE,Product,8449,Project focusing on smart remote control: universal remote control using rf sensors and gsm technology.,ADD_IMAGE_LINK,ADD_VIDEO_LINK,"IoT, ECE",TRUE
Real Time Water Quality Measurement System based on GSM,Machine Learning,Civil,Prototype,9037,Project focusing on real time water quality measurement system based on gsm.,ADD_IMAGE_LINK,ADD_VIDEO_LINK,"Machine Learning, Civil",FALSE
Single Phase Grid Connected Wind Power Using Chopper Based Pi Controller,Large AI,EEE,Product,10890,Project focusing on single phase grid connected wind power using chopper based pi controller.,ADD_IMAGE_LINK,ADD_VIDEO_LINK,"Large AI, EEE",TRUE
Power Management of Hybrid Renewable Energy System by Frequency Deviation Control,Robotics,EEE,Prototype,10002,Project focusing on power management of hybrid renewable energy system by frequency deviation control.,ADD_IMAGE_LINK,ADD_VIDEO_LINK,"Robotics, EEE",TRUE
Power Line Carrier Communication,Large AI,EEE,Product,10890,Project focusing on power line carrier communication.,ADD_IMAGE_LINK,ADD_VIDEO_LINK,"Large AI, EEE",FALSE
Power Control Strategy of a Grid Connected Hybrid System,Robotics,EEE,Product,10002,Project focusing on power control strategy of a grid connected hybrid system.,ADD_IMAGE_LINK,ADD_VIDEO_LINK,"Robotics, EEE",FALSE
Home Appliances Control System Based On Android Smartphone,Machine Learning,Civil,Prototype,9037,Project focusing on home appliances control system based on android smartphone.,ADD_IMAGE_LINK,ADD_VIDEO_LINK,"Machine Learning, Civil",TRUE
Solar powered boiler with Resonant Converter for Induction Heating Applications,Embedded,EEE,Product,8573,Project focusing on solar powered boiler with resonant converter for induction heating applications.,ADD_IMAGE_LINK,ADD_VIDEO_LINK,"Embedded, EEE",TRUE
Solar Electric Scooter,Machine Learning,EEE,Product,9801,Project focusing on solar electric scooter.,ADD_IMAGE_LINK,ADD_VIDEO_LINK,"Machine Learning, EEE",FALSE
Nonlinear Control Design for Maximum Power Point Tracking and Unity Power Factor of a Grid-Connected Photovoltaic Renewable Energy Systems,Machine Learning,EEE,Prototype,9801,Project focusing on nonlinear control design for maximum power point tracking and unity power factor of a grid-connected photovoltaic renewable energy systems.,ADD_IMAGE_LINK,ADD_VIDEO_LINK,"Machine Learning, EEE",FALSE
Wireless Power Transmission with Self-Regulated Output Voltage For Biomedical Implant,Simulation,EEE,Prototype,9528,Project focusing on wireless power transmission with self-regulated output voltage for biomedical implant.,ADD_IMAGE_LINK,ADD_VIDEO_LINK,"Simulation, EEE",TRUE
Solar powered Industrial induction principle based Boiler Controller with Temperature Display,Embedded,EEE,Product,8573,Project focusing on solar powered industrial induction principle based boiler controller with temperature display.,ADD_IMAGE_LINK,ADD_VIDEO_LINK,"Embedded, EEE",FALSE
Electrification using Wind Energy with Inverter and super capacitor,Machine Learning,EEE,Prototype,9801,Project focusing on electrification using wind energy with inverter and super capacitor.,ADD_IMAGE_LINK,ADD_VIDEO_LINK,"Machine Learning, EEE",TRUE
Industry oriented smart and automated process control system,Machine Learning,Civil,Product,9037,Project focusing on industry oriented smart and automated process control system.,ADD_IMAGE_LINK,ADD_VIDEO_LINK,"Machine Learning, Civil",FALSE
Extended Wireless Monitoring Through Intelligent Hybrid Energy Supply,Machine Learning,CSE,Prototype,8699,Project focusing on extended wireless monitoring through intelligent hybrid energy supply.,ADD_IMAGE_LINK,ADD_VIDEO_LINK,"Machine Learning, CSE",TRUE
Maximum Power Point Tracker for Sub watt Photovoltaic Module,Machine Learning,EEE,Product,9801,Project focusing on maximum power point tracker for sub watt photovoltaic module.,ADD_IMAGE_LINK,ADD_VIDEO_LINK,"Machine Learning, EEE",FALSE
Design and Implementation of Shaped Magnetic-Resonance-Based Wireless Power Transfer System for Roadway-Powered Moving Electric Vehicles,Machine Learning,EEE,Product,9801,Project focusing on design and implementation of shaped magnetic-resonance-based wireless power transfer system for roadway-powered moving electric vehicles.,ADD_IMAGE_LINK,ADD_VIDEO_LINK,"Machine Learning, EEE",TRUE
Implementation of Sensor Network using Efficient CAN Interface,Robotics,EEE,Product,10002,Project focusing on implementation of sensor network using efficient can interface.,ADD_IMAGE_LINK,ADD_VIDEO_LINK,"Robotics, EEE",TRUE
Integration and Distribution of Renewable Sources in DC Micro Grid with Energy Storage System,Large AI,EEE,Prototype,10890,Project focusing on integration and distribution of renewable sources in dc micro grid with energy storage system.,ADD_IMAGE_LINK,ADD_VIDEO_LINK,"Large AI, EEE",TRUE
Design of earth fault relay and alerts through FM radio signals,Robotics,ECE,Product,10501,Project focusing on design of earth fault relay and alerts through fm radio signals.,ADD_IMAGE_LINK,ADD_VIDEO_LINK,"Robotics, ECE",FALSE
Implementation of GSM Based Water Meter A Step towards Automation in Billing System,Machine Learning,Civil,Prototype,9037,Project focusing on implementation of gsm based water meter a step towards automation in billing system.,ADD_IMAGE_LINK,ADD_VIDEO_LINK,"Machine Learning, Civil",FALSE
High Temperature Wireless Sensor Network Monitoring System for Coalmine Fire,Embedded,EEE,Prototype,8573,Project focusing on high temperature wireless sensor network monitoring system for coalmine fire.,ADD_IMAGE_LINK,ADD_VIDEO_LINK,"Embedded, EEE",FALSE
A Low-Power Wireless Sensor for Online Ambient Monitoring,Machine Learning,EEE,Prototype,9801,Project focusing on a low-power wireless sensor for online ambient monitoring.,ADD_IMAGE_LINK,ADD_VIDEO_LINK,"Machine Learning, EEE",FALSE
MATLAB based Close loop temperature for industrial boiler with Resonant Converter for Induction Heating,Simulation,Civil,Prototype,9524,Project focusing on matlab based close loop temperature for industrial boiler with resonant converter for induction heating.,ADD_IMAGE_LINK,ADD_VIDEO_LINK,"Simulation, Civil",TRUE
A smart prepaid energy metering system to control electricity theft,Machine Learning,Medical,Product,8499,Project focusing on a smart prepaid energy metering system to control electricity theft.,ADD_IMAGE_LINK,ADD_VIDEO_LINK,"Machine Learning, Medical",TRUE
Four Quadrant Dc Motor Speed Control with Microcontroller Power Line Carrier Communication (PLCC),Robotics,EEE,Prototype,10002,Project focusing on four quadrant dc motor speed control with microcontroller power line carrier communication (plcc).,ADD_IMAGE_LINK,ADD_VIDEO_LINK,"Robotics, EEE",FALSE
Universal Motor Speed Controlling System Based On Power Line Carrier Communication (PLCC),Simulation,EEE,Product,9528,Project focusing on universal motor speed controlling system based on power line carrier communication (plcc).,ADD_IMAGE_LINK,ADD_VIDEO_LINK,"Simulation, EEE",TRUE
Automatic Dam Gate Control System with Caution Alarm Using ARM- Lpc-,IoT,Civil,Product,6499,Project focusing on automatic dam gate control system with caution alarm using arm- lpc-.,ADD_IMAGE_LINK,ADD_VIDEO_LINK,"IoT, Civil",FALSE
Design of an Inverter using ceiling Fan,Robotics,EEE,Prototype,10002,Project focusing on design of an inverter using ceiling fan.,ADD_IMAGE_LINK,ADD_VIDEO_LINK,"Robotics, EEE",TRUE
Android Based Home Automation And Feed Back Through FM Radio Signals,Robotics,EEE,Prototype,10002,Project focusing on android based home automation and feed back through fm radio signals.,ADD_IMAGE_LINK,ADD_VIDEO_LINK,"Robotics, EEE",FALSE
Wireless Vibration Monitoring System of Industrial Equipments Using FM Transmitter,IoT,ECE,Prototype,8449,Project focusing on wireless vibration monitoring system of industrial equipments using fm transmitter.,ADD_IMAGE_LINK,ADD_VIDEO_LINK,"IoT, ECE",FALSE
Advanced Substation Monitoring And Controlling System Based On Power Line Carrier Communication (PLCC),Large AI,EEE,Prototype,10890,Project focusing on advanced substation monitoring and controlling system based on power line carrier communication (plcc).,ADD_IMAGE_LINK,ADD_VIDEO_LINK,"Large AI, EEE",FALSE
Energy Efficient Atomized Bottling Plant Using PIC And SCADA With Speed Variable Conveyor Assembly,Machine Learning,Mechanical,Product,9037,Project focusing on energy efficient atomized bottling plant using pic and scada with speed variable conveyor assembly.,ADD_IMAGE_LINK,ADD_VIDEO_LINK,"Machine Learning, Mechanical",FALSE
Power Line Carrier Communication (PLCC) Based Ac Induction Motor Speed Controlling With Zero-Crossing Detection,Embedded,EEE,Product,8573,Project focusing on power line carrier communication (plcc) based ac induction motor speed controlling with zero-crossing detection.,ADD_IMAGE_LINK,ADD_VIDEO_LINK,"Embedded, EEE",FALSE
Analysis and Practical Considerations in Implementing Multiple Transmitters for Wireless Power Transfer via Coupled Magnetic Resonance,Robotics,EEE,Product,10002,Project focusing on analysis and practical considerations in implementing multiple transmitters for wireless power transfer via coupled magnetic resonance.,ADD_IMAGE_LINK,ADD_VIDEO_LINK,"Robotics, EEE",FALSE
Automatic room illumination and fan speed control based on LDR and temperature sensor with respect to human presence,Simulation,Mechanical,Prototype,9524,Project focusing on automatic room illumination and fan speed control based on ldr and temperature sensor with respect to human presence.,ADD_IMAGE_LINK,ADD_VIDEO_LINK,"Simulation, Mechanical",TRUE
Automatic Measurement And Reporting System Of Water Quality Based On FM Radio Signals In Industries,Robotics,Mechanical,Product,12499,Project focusing on automatic measurement and reporting system of water quality based on fm radio signals in industries.,ADD_IMAGE_LINK,ADD_VIDEO_LINK,"Robotics, Mechanical",TRUE
Phase Fault Detection and Alerting Through the FM Radio Signals,IoT,Medical,Prototype,6999,Project focusing on phase fault detection and alerting through the fm radio signals.,ADD_IMAGE_LINK,ADD_VIDEO_LINK,"IoT, Medical",TRUE
Power Line Carrier Communication (PLCC) Based Industrial Parameters Monitoring And Controlling System,Robotics,EEE,Prototype,10002,Project focusing on power line carrier communication (plcc) based industrial parameters monitoring and controlling system.,ADD_IMAGE_LINK,ADD_VIDEO_LINK,"Robotics, EEE",TRUE
An Advanced Substation Monitoring and Control System with FM Based Voice Alerts,IoT,Civil,Prototype,6499,Project focusing on an advanced substation monitoring and control system with fm based voice alerts.,ADD_IMAGE_LINK,ADD_VIDEO_LINK,"IoT, Civil",FALSE
Thermoelectric Based Dual Processing Control Using Embedded Controller,Machine Learning,ECE,Prototype,5999,Project focusing on thermoelectric based dual processing control using embedded controller.,ADD_IMAGE_LINK,ADD_VIDEO_LINK,"Machine Learning, ECE",FALSE
Dual Application Wind Mill for ON-Grid and OFF-Grid Applications,Large AI,EEE,Prototype,10890,Project focusing on dual application wind mill for on-grid and off-grid applications.,ADD_IMAGE_LINK,ADD_VIDEO_LINK,"Large AI, EEE",FALSE
Maximum Power Point Tracking of Photo Voltaic Based –Induction Motor Drive Systems,Machine Learning,EEE,Product,9801,Project focusing on maximum power point tracking of photo voltaic based –induction motor drive systems.,ADD_IMAGE_LINK,ADD_VIDEO_LINK,"Machine Learning, EEE",TRUE
Solar Based Coolants Control System with voltage graph on MATLAB software,Simulation,EEE,Product,9528,Project focusing on solar based coolants control system with voltage graph on matlab software.,ADD_IMAGE_LINK,ADD_VIDEO_LINK,"Simulation, EEE",FALSE
Automatic Utilization of Renewable &Non Renewable sources with billing analysis of Net Energy Meter,Embedded,ECE,Prototype,8599,Project focusing on automatic utilization of renewable &non renewable sources with billing analysis of net energy meter.,ADD_IMAGE_LINK,ADD_VIDEO_LINK,"Embedded, ECE",FALSE
Designing and Simulation of an Automated Irrigation Management System Deployed by using Wireless Sensor Networks (WSN),Simulation,Medical,Prototype,9524,Project focusing on designing and simulation of an automated irrigation management system deployed by using wireless sensor networks (wsn).,ADD_IMAGE_LINK,ADD_VIDEO_LINK,"Simulation, Medical",FALSE
Grid Connected Energy Storage System to Profit from Net-Metering and Variable Rate Electricity,Embedded,EEE,Product,8573,Project focusing on grid connected energy storage system to profit from net-metering and variable rate electricity.,ADD_IMAGE_LINK,ADD_VIDEO_LINK,"Embedded, EEE",TRUE
Speed Synchronization of Multiple Motors in Industries using wireless RF,IoT,Mechanical,Prototype,8605,Project focusing on speed synchronization of multiple motors in industries using wireless rf.,ADD_IMAGE_LINK,ADD_VIDEO_LINK,"IoT, Mechanical",TRUE
Solar Powered Rapid Water Heating System Using DC Induction Heating,Embedded,EEE,Product,8573,Project focusing on solar powered rapid water heating system using dc induction heating.,ADD_IMAGE_LINK,ADD_VIDEO_LINK,"Embedded, EEE",TRUE
Miniature thermal power plant using TEP transducer for domestic,Machine Learning,EEE,Prototype,9801,Project focusing on miniature thermal power plant using tep transducer for domestic.,ADD_IMAGE_LINK,ADD_VIDEO_LINK,"Machine Learning, EEE",TRUE
Implementation of FM Radio Based SCADA System in Industries,IoT,CSE,Prototype,8750,Project focusing on implementation of fm radio based scada system in industries.,ADD_IMAGE_LINK,ADD_VIDEO_LINK,"IoT, CSE",FALSE
Design And Implementation Of A High-Efficiency Multiple-Output Resonant Converter for Induction Heating Applications Featuring Wide Band gap Devices,Large AI,EEE,Product,10890,Project focusing on design and implementation of a high-efficiency multiple-output resonant converter for induction heating applications featuring wide band gap devices.,ADD_IMAGE_LINK,ADD_VIDEO_LINK,"Large AI, EEE",FALSE
Fabrication of Speed Breaker Based Power Generation with Efficient Inverter,IoT,EEE,Prototype,9253,Project focusing on fabrication of speed breaker based power generation with efficient inverter.,ADD_IMAGE_LINK,ADD_VIDEO_LINK,"IoT, EEE",FALSE
Experimental Analysis of Solar Operated Thermo-Electric Heating and Cooling System,Machine Learning,EEE,Product,9801,Project focusing on experimental analysis of solar operated thermo-electric heating and cooling system.,ADD_IMAGE_LINK,ADD_VIDEO_LINK,"Machine Learning, EEE",FALSE
Energy Harvesting From Vehicle Using Piezo Electric Plates,Embedded,Medical,Product,8632,Project focusing on energy harvesting from vehicle using piezo electric plates.,ADD_IMAGE_LINK,ADD_VIDEO_LINK,"Embedded, Medical",FALSE
Implementation of an Advanced Substation Monitoring and Energy Meter Tampering Alert Using PLCC,Robotics,CSE,Prototype,10501,Project focusing on implementation of an advanced substation monitoring and energy meter tampering alert using plcc.,ADD_IMAGE_LINK,ADD_VIDEO_LINK,"Robotics, CSE",TRUE
Hybrid Power Generations based Power Management System with MATLAB,Simulation,EEE,Prototype,9528,Project focusing on hybrid power generations based power management system with matlab.,ADD_IMAGE_LINK,ADD_VIDEO_LINK,"Simulation, EEE",TRUE
Dual Axis Solar Tracker with MPPT,Robotics,EEE,Prototype,10002,Project focusing on dual axis solar tracker with mppt.,ADD_IMAGE_LINK,ADD_VIDEO_LINK,"Robotics, EEE",TRUE
"Development of Prototype Model for Monitoring and Controlling Of Kva, Kvar, Kwh, Pf For Different Loads",Machine Learning,CSE,Product,8699,"Project focusing on development of prototype model for monitoring and controlling of kva, kvar, kwh, pf for different loads.",ADD_IMAGE_LINK,ADD_VIDEO_LINK,"Machine Learning, CSE",TRUE
Design and Implementation of MPPT for Solar Power Inverter System Using Msp-f,Machine Learning,EEE,Prototype,9801,Project focusing on design and implementation of mppt for solar power inverter system using msp-f.,ADD_IMAGE_LINK,ADD_VIDEO_LINK,"Machine Learning, EEE",FALSE
Design of Hybrid Power Generations with Efficient Power Manganement System,Embedded,EEE,Product,8573,Project focusing on design of hybrid power generations with efficient power manganement system.,ADD_IMAGE_LINK,ADD_VIDEO_LINK,"Embedded, EEE",TRUE
Design and Implementation of MPPT for Hybrid Solar-Wind Energy System,Machine Learning,EEE,Product,9801,Project focusing on design and implementation of mppt for hybrid solar-wind energy system.,ADD_IMAGE_LINK,ADD_VIDEO_LINK,"Machine Learning, EEE",FALSE
Design and construction of Earth fault relay for single phase power system with Feeder protection from Over Load,Machine Learning,EEE,Prototype,9801,Project focusing on design and construction of earth fault relay for single phase power system with feeder protection from over load.,ADD_IMAGE_LINK,ADD_VIDEO_LINK,"Machine Learning, EEE",TRUE
DC motor Speed Synchronisation and controlling system based on Power Line Carrier Communication (PLCC),Machine Learning,EEE,Prototype,9801,Project focusing on dc motor speed synchronisation and controlling system based on power line carrier communication (plcc).,ADD_IMAGE_LINK,ADD_VIDEO_LINK,"Machine Learning, EEE",TRUE
Automobile Radiator Heat to Electricity Generation,Machine Learning,Medical,Product,8499,Project focusing on automobile radiator heat to electricity generation.,ADD_IMAGE_LINK,ADD_VIDEO_LINK,"Machine Learning, Medical",TRUE
Android and PLCC based AC induction motor speed controlling with Zero-Crossing detection,Robotics,Mechanical,Prototype,12499,Project focusing on android and plcc based ac induction motor speed controlling with zero-crossing detection.,ADD_IMAGE_LINK,ADD_VIDEO_LINK,"Robotics, Mechanical",TRUE
A Proposed Wireless System to Real Time Monitoring In Power Transformer,Machine Learning,EEE,Product,9801,Project focusing on a proposed wireless system to real time monitoring in power transformer.,ADD_IMAGE_LINK,ADD_VIDEO_LINK,"Machine Learning, EEE",FALSE
Vehicle-Assisted Device-To-Device Data Delivery For Smart Grid,Large AI,EEE,Prototype,10890,Project focusing on vehicle-assisted device-to-device data delivery for smart grid.,ADD_IMAGE_LINK,ADD_VIDEO_LINK,"Large AI, EEE",FALSE
Sizing And Analysis of Renewable Energy and Battery Systems in Residential Micro grids,Large AI,EEE,Product,10890,Project focusing on sizing and analysis of renewable energy and battery systems in residential micro grids.,ADD_IMAGE_LINK,ADD_VIDEO_LINK,"Large AI, EEE",FALSE
A Smart Switch To Connect And Disconnect Electrical Devices At Home By Using Internet,Robotics,EEE,Product,10002,Project focusing on a smart switch to connect and disconnect electrical devices at home by using internet.,ADD_IMAGE_LINK,ADD_VIDEO_LINK,"Robotics, EEE",FALSE
Bidirectional Rotation of Single Phase Ac Induction Motor without Run Capacitor,Machine Learning,Mechanical,Product,9037,Project focusing on bidirectional rotation of single phase ac induction motor without run capacitor.,ADD_IMAGE_LINK,ADD_VIDEO_LINK,"Machine Learning, Mechanical",TRUE
Smart Electricity Meter Data Intelligence For Future Energy Systems A Survey,Simulation,Mechanical,Prototype,9524,Project focusing on smart electricity meter data intelligence for future energy systems a survey.,ADD_IMAGE_LINK,ADD_VIDEO_LINK,"Simulation, Mechanical",FALSE
A Modular Multilevel DC-DC Converter With Fault Blocking Capability for HVDC Interconnects,Machine Learning,CSE,Product,8699,Project focusing on a modular multilevel dc-dc converter with fault blocking capability for hvdc interconnects.,ADD_IMAGE_LINK,ADD_VIDEO_LINK,"Machine Learning, CSE",FALSE
A Hybrid Filter for the Suppression of Common-Mode Voltage and Differential-Mode Harmonics in Three-Phase Inverters With CPPM,Robotics,EEE,Prototype,10002,Project focusing on a hybrid filter for the suppression of common-mode voltage and differential-mode harmonics in three-phase inverters with cppm.,ADD_IMAGE_LINK,ADD_VIDEO_LINK,"Robotics, EEE",TRUE
Fully Soft-Switched Single Switch Isolated DC–DC Converter,Large AI,Civil,Product,7499,Project focusing on fully soft-switched single switch isolated dc–dc converter.,ADD_IMAGE_LINK,ADD_VIDEO_LINK,"Large AI, Civil",FALSE
A Family of Five-Level Dual-Buck Full-bridge Inverters for Grid-tied Applications,Simulation,EEE,Product,9528,Project focusing on a family of five-level dual-buck full-bridge inverters for grid-tied applications.,ADD_IMAGE_LINK,ADD_VIDEO_LINK,"Simulation, EEE",TRUE
A dc-Side Sensorless Cascaded H-Bridge Multilevel Converter Based Photovoltaic System,Machine Learning,ECE,Product,5999,Project focusing on a dc-side sensorless cascaded h-bridge multilevel converter based photovoltaic system.,ADD_IMAGE_LINK,ADD_VIDEO_LINK,"Machine Learning, ECE",FALSE
A Novel Single Phase Cascaded Multilevel Inverter for Hybrid Renewable Energy Sources,Robotics,EEE,Prototype,10002,Project focusing on a novel single phase cascaded multilevel inverter for hybrid renewable energy sources.,ADD_IMAGE_LINK,ADD_VIDEO_LINK,"Robotics, EEE",FALSE
A Novel Five-Level Voltage Source Inverter with Sinusoidal Pulse Width Modulator for Medium-Voltage Applications,Large AI,EEE,Prototype,10890,Project focusing on a novel five-level voltage source inverter with sinusoidal pulse width modulator for medium-voltage applications.,ADD_IMAGE_LINK,ADD_VIDEO_LINK,"Large AI, EEE",TRUE
A New Resonant Modular Multilevel Step-Down DC–DC Converter with Inherent-Balancing,Simulation,CSE,Prototype,9524,Project focusing on a new resonant modular multilevel step-down dc–dc converter with inherent-balancing.,ADD_IMAGE_LINK,ADD_VIDEO_LINK,"Simulation, CSE",FALSE
A Novel and Simple Single-Phase Modulator for the Nested Neutral-Point Clamped (NNPC) Converter,Large AI,Medical,Prototype,10105,Project focusing on a novel and simple single-phase modulator for the nested neutral-point clamped (nnpc) converter.,ADD_IMAGE_LINK,ADD_VIDEO_LINK,"Large AI, Medical",TRUE
A Fully Soft-Switched Single Switch Isolated DC–DC Converter,Robotics,ECE,Prototype,10501,Project focusing on a fully soft-switched single switch isolated dc–dc converter.,ADD_IMAGE_LINK,ADD_VIDEO_LINK,"Robotics, ECE",FALSE
A High Step-Up DC to DC Converter Under Alternating Phase Shift Control for Fuel Cell Power System,IoT,EEE,Product,9253,Project focusing on a high step-up dc to dc converter under alternating phase shift control for fuel cell power system.,ADD_IMAGE_LINK,ADD_VIDEO_LINK,"IoT, EEE",FALSE
A Quad Two-Level Inverter Configuration for Four-Pole Induction-Motor Drive with Single DC Link,Simulation,EEE,Product,9528,Project focusing on a quad two-level inverter configuration for four-pole induction-motor drive with single dc link.,ADD_IMAGE_LINK,ADD_VIDEO_LINK,"Simulation, EEE",FALSE
A Novel Multilevel Multi-Output Bidirectional Active Buck PFC Rectifier,Robotics,Medical,Prototype,10501,Project focusing on a novel multilevel multi-output bidirectional active buck pfc rectifier.,ADD_IMAGE_LINK,ADD_VIDEO_LINK,"Robotics, Medical",FALSE
A new maximum power point method based on a sliding mode approach for solar energy harvesting,Embedded,EEE,Product,8573,Project focusing on a new maximum power point method based on a sliding mode approach for solar energy harvesting.,ADD_IMAGE_LINK,ADD_VIDEO_LINK,"Embedded, EEE",FALSE
A Modified P&O Maximum Power Point Tracking Method with Reduced Steady State Oscillation and Improved Tracking Efficiency,IoT,EEE,Product,9253,Project focusing on a modified p&o maximum power point tracking method with reduced steady state oscillation and improved tracking efficiency.,ADD_IMAGE_LINK,ADD_VIDEO_LINK,"IoT, EEE",FALSE
A Fault-Tolerant Series-Resonant DC-DC Converter,Simulation,Medical,Product,9524,Project focusing on a fault-tolerant series-resonant dc-dc converter.,ADD_IMAGE_LINK,ADD_VIDEO_LINK,"Simulation, Medical",FALSE
A Power Factor Oriented Railway Power Flow Controller for Power Quality Improvement in Electrical Railway Power System,Machine Learning,EEE,Product,9801,Project focusing on a power factor oriented railway power flow controller for power quality improvement in electrical railway power system.,ADD_IMAGE_LINK,ADD_VIDEO_LINK,"Machine Learning, EEE",TRUE
A Capacitor Voltage-Balancing Method for Nested Neutral Point Clamped (NNPC) Inverter,Simulation,EEE,Product,9528,Project focusing on a capacitor voltage-balancing method for nested neutral point clamped (nnpc) inverter.,ADD_IMAGE_LINK,ADD_VIDEO_LINK,"Simulation, EEE",FALSE
A Compact Multifunctional Power Electronic Interface for Plug-in Hybrid Electric Vehicles,IoT,EEE,Prototype,9253,Project focusing on a compact multifunctional power electronic interface for plug-in hybrid electric vehicles.,ADD_IMAGE_LINK,ADD_VIDEO_LINK,"IoT, EEE",FALSE
A Highly Efficient and Reliable Inverter Configuration Based Cascaded Multilevel Inverter for PV Systems,Machine Learning,EEE,Prototype,9801,Project focusing on a highly efficient and reliable inverter configuration based cascaded multilevel inverter for pv systems.,ADD_IMAGE_LINK,ADD_VIDEO_LINK,"Machine Learning, EEE",TRUE
A Harmonic Suppression Scheme for Full Speed Range of a Two-Level Inverter Fed Induction Motor and Drive Using Switched Capacitive Filter,Large AI,EEE,Prototype,10890,Project focusing on a harmonic suppression scheme for full speed range of a two-level inverter fed induction motor and drive using switched capacitive filter.,ADD_IMAGE_LINK,ADD_VIDEO_LINK,"Large AI, EEE",FALSE
A Robust Back stepping High-Order Sliding Mode Control Strategy for Grid-Connected DG Units With Harmonic Inter harmonic Current,IoT,EEE,Product,9253,Project focusing on a robust back stepping high-order sliding mode control strategy for grid-connected dg units with harmonic inter harmonic current.,ADD_IMAGE_LINK,ADD_VIDEO_LINK,"IoT, EEE",FALSE
A Performance Investigation of a Four-Switch Three-Phase Inverter-Fed IM Drives at Low Speeds Using Fuzzy Logic and PI Controllers,IoT,EEE,Product,9253,Project focusing on a performance investigation of a four-switch three-phase inverter-fed im drives at low speeds using fuzzy logic and pi controllers.,ADD_IMAGE_LINK,ADD_VIDEO_LINK,"IoT, EEE",TRUE
A Novel Structure for Single-Switch Nonisolated Transformerless Buck–Boost DC–DC Converter,Simulation,Civil,Product,9524,Project focusing on a novel structure for single-switch nonisolated transformerless buck–boost dc–dc converter.,ADD_IMAGE_LINK,ADD_VIDEO_LINK,"Simulation, Civil",FALSE
A Novel Single-Stage Single-Phase Reconfigurable Inverter Topology for a Solar Powered Hybrid AC-DC Home,Embedded,EEE,Product,8573,Project focusing on a novel single-stage single-phase reconfigurable inverter topology for a solar powered hybrid ac-dc home.,ADD_IMAGE_LINK,ADD_VIDEO_LINK,"Embedded, EEE",TRUE
A New-Coupled-Inductor Circuit Breaker for DC Applications,Embedded,ECE,Prototype,8599,Project focusing on a new-coupled-inductor circuit breaker for dc applications.,ADD_IMAGE_LINK,ADD_VIDEO_LINK,"Embedded, ECE",FALSE
A Novel STATCOM Based on Diode-Clamped Modular Multilevel Converters,Machine Learning,CSE,Prototype,8699,Project focusing on a novel statcom based on diode-clamped modular multilevel converters.,ADD_IMAGE_LINK,ADD_VIDEO_LINK,"Machine Learning, CSE",TRUE
A New Single-Phase Switched-Coupled Inductor DC–AC Inverter for Photovoltaic Systems,Machine Learning,EEE,Product,9801,Project focusing on a new single-phase switched-coupled inductor dc–ac inverter for photovoltaic systems.,ADD_IMAGE_LINK,ADD_VIDEO_LINK,"Machine Learning, EEE",FALSE
A Modified Three-Phase Current-Source Inverter for Modular Photovoltaic Applications,Machine Learning,EEE,Prototype,9801,Project focusing on a modified three-phase current-source inverter for modular photovoltaic applications.,ADD_IMAGE_LINK,ADD_VIDEO_LINK,"Machine Learning, EEE",TRUE
Smooth Initialization of phase Induction Motor,Large AI,Mechanical,Prototype,10105,Project focusing on smooth initialization of phase induction motor.,ADD_IMAGE_LINK,ADD_VIDEO_LINK,"Large AI, Mechanical",FALSE
Implementation of Solar Powered Multilevel Inverter,Machine Learning,EEE,Product,9801,Project focusing on implementation of solar powered multilevel inverter.,ADD_IMAGE_LINK,ADD_VIDEO_LINK,"Machine Learning, EEE",TRUE
Wireless Remote Controlled Solar Powered Ceiling Light,Robotics,EEE,Prototype,10002,Project focusing on wireless remote controlled solar powered ceiling light.,ADD_IMAGE_LINK,ADD_VIDEO_LINK,"Robotics, EEE",FALSE
Retrofitting of Existing Vehicles for converting to Electric Vehicle (EV),Machine Learning,Civil,Product,9037,Project focusing on retrofitting of existing vehicles for converting to electric vehicle (ev).,ADD_IMAGE_LINK,ADD_VIDEO_LINK,"Machine Learning, Civil",FALSE
Production of Electricity by the Method of Road Power Generation,IoT,EEE,Prototype,9253,Project focusing on production of electricity by the method of road power generation.,ADD_IMAGE_LINK,ADD_VIDEO_LINK,"IoT, EEE",FALSE
Prepaid Energy Meter with Power Theft Detection and Control using GSM and Arduino,Machine Learning,EEE,Prototype,9801,Project focusing on prepaid energy meter with power theft detection and control using gsm and arduino.,ADD_IMAGE_LINK,ADD_VIDEO_LINK,"Machine Learning, EEE",FALSE
PC based optimum power management system,Embedded,EEE,Prototype,8573,Project focusing on pc based optimum power management system.,ADD_IMAGE_LINK,ADD_VIDEO_LINK,"Embedded, EEE",TRUE
Solar Panel Based Maximum power point tracking using SEPIC Converter,Large AI,EEE,Product,10890,Project focusing on solar panel based maximum power point tracking using sepic converter.,ADD_IMAGE_LINK,ADD_VIDEO_LINK,"Large AI, EEE",FALSE
RF Controlled Electric Pole Climbing Robot,Robotics,Mechanical,Product,12499,Project focusing on rf controlled electric pole climbing robot.,ADD_IMAGE_LINK,ADD_VIDEO_LINK,"Robotics, Mechanical",TRUE
Direct Torque Control with Feedback Linearization of Induction Motor,Robotics,Mechanical,Prototype,12499,Project focusing on direct torque control with feedback linearization of induction motor.,ADD_IMAGE_LINK,ADD_VIDEO_LINK,"Robotics, Mechanical",TRUE
Design of Power electronic Converters for Hybrid System Applications,Embedded,EEE,Prototype,8573,Project focusing on design of power electronic converters for hybrid system applications.,ADD_IMAGE_LINK,ADD_VIDEO_LINK,"Embedded, EEE",FALSE
Fabrication of Solar Powered Bush cutter,Embedded,EEE,Prototype,8573,Project focusing on fabrication of solar powered bush cutter.,ADD_IMAGE_LINK,ADD_VIDEO_LINK,"Embedded, EEE",TRUE
State Estimation Based Energy Theft Detection Scheme with Privacy Preservation in Smart Grid,Robotics,EEE,Product,10002,Project focusing on state estimation based energy theft detection scheme with privacy preservation in smart grid.,ADD_IMAGE_LINK,ADD_VIDEO_LINK,"Robotics, EEE",FALSE
Speed Control Of Single And Three Phase Induction Motor Using Full Bridge Cycloconverter,Embedded,Mechanical,Product,12500,Project focusing on speed control of single and three phase induction motor using full bridge cycloconverter.,ADD_IMAGE_LINK,ADD_VIDEO_LINK,"Embedded, Mechanical",FALSE
Smart IoT based Energy Metering System for Microgrids with Load Management Algorithm,IoT,EEE,Prototype,9253,Project focusing on smart iot based energy metering system for microgrids with load management algorithm.,ADD_IMAGE_LINK,ADD_VIDEO_LINK,"IoT, EEE",FALSE
Smart Energy Meter Surveillance Using IoT,IoT,Mechanical,Prototype,8605,Project focusing on smart energy meter surveillance using iot.,ADD_IMAGE_LINK,ADD_VIDEO_LINK,"IoT, Mechanical",FALSE
Parallel Active Power Filter Based on Source Current Detection for Anti-Parallel Resonance with Robustness to Parameter Variationsin Power,Simulation,EEE,Prototype,9528,Project focusing on parallel active power filter based on source current detection for anti-parallel resonance with robustness to parameter variationsin power.,ADD_IMAGE_LINK,ADD_VIDEO_LINK,"Simulation, EEE",FALSE
New Approach on Solar Water Heater Energy Smart Metering System Using Adafruit Feather uFONA,Robotics,EEE,Prototype,10002,Project focusing on new approach on solar water heater energy smart metering system using adafruit feather ufona.,ADD_IMAGE_LINK,ADD_VIDEO_LINK,"Robotics, EEE",TRUE
Modeling And Simulation Of Bidirectional Ac-Dc Power Converter,Simulation,EEE,Product,9528,Project focusing on modeling and simulation of bidirectional ac-dc power converter.,ADD_IMAGE_LINK,ADD_VIDEO_LINK,"Simulation, EEE",FALSE
Maximum Power Extraction in Wind Energy System with Pitch Angle Control,Simulation,EEE,Product,9528,Project focusing on maximum power extraction in wind energy system with pitch angle control.,ADD_IMAGE_LINK,ADD_VIDEO_LINK,"Simulation, EEE",FALSE
High Efﬁciency Bridgeless Single-Power-Conversion Battery Charger for Light Electric Vehicles,IoT,EEE,Prototype,9253,Project focusing on high efﬁciency bridgeless single-power-conversion battery charger for light electric vehicles.,ADD_IMAGE_LINK,ADD_VIDEO_LINK,"IoT, EEE",TRUE
Hardware Design of Three Phase Voltage Source Inverter using Arduino Microcontroller and its Harmonic Analysis,Embedded,EEE,Product,8573,Project focusing on hardware design of three phase voltage source inverter using arduino microcontroller and its harmonic analysis.,ADD_IMAGE_LINK,ADD_VIDEO_LINK,"Embedded, EEE",TRUE
Fast Distributed Reactive Power Control for Voltage Regulation in Distribution Networks,IoT,EEE,Product,9253,Project focusing on fast distributed reactive power control for voltage regulation in distribution networks.,ADD_IMAGE_LINK,ADD_VIDEO_LINK,"IoT, EEE",FALSE
Energy Theft Detection in Multi-Tenant Data Centers with Digital Protective Relay Deployment,IoT,ECE,Product,8449,Project focusing on energy theft detection in multi-tenant data centers with digital protective relay deployment.,ADD_IMAGE_LINK,ADD_VIDEO_LINK,"IoT, ECE",FALSE
Detection of Underground Power Cable Theft Strategies and Methods,Embedded,EEE,Prototype,8573,Project focusing on detection of underground power cable theft strategies and methods.,ADD_IMAGE_LINK,ADD_VIDEO_LINK,"Embedded, EEE",TRUE
Design and Implementation of an Internet of Things Based Smart Energy Metering,IoT,CSE,Prototype,8750,Project focusing on design and implementation of an internet of things based smart energy metering.,ADD_IMAGE_LINK,ADD_VIDEO_LINK,"IoT, CSE",TRUE
Design and Hardware Implementation of Closed Loop Buck Converter Using Fuzzy Logic Controller,IoT,Mechanical,Prototype,8605,Project focusing on design and hardware implementation of closed loop buck converter using fuzzy logic controller.,ADD_IMAGE_LINK,ADD_VIDEO_LINK,"IoT, Mechanical",FALSE
Analysis And Design Of Superlift LUO Boost Converter,Robotics,Civil,Product,10501,Project focusing on analysis and design of superlift luo boost converter.,ADD_IMAGE_LINK,ADD_VIDEO_LINK,"Robotics, Civil",TRUE
An Interleaved Buck-Cascaded Buck-Boost Inverter for PV Grid-Connection Applications,Embedded,EEE,Product,8573,Project focusing on an interleaved buck-cascaded buck-boost inverter for pv grid-connection applications.,ADD_IMAGE_LINK,ADD_VIDEO_LINK,"Embedded, EEE",FALSE
Adaptive optocoupler degradation compensation in isolated feedback loops,Embedded,ECE,Product,8599,Project focusing on adaptive optocoupler degradation compensation in isolated feedback loops.,ADD_IMAGE_LINK,ADD_VIDEO_LINK,"Embedded, ECE",FALSE
Ac-Dc-Ac Single-Phase Multilevel Six-Leg Converter with Reduced Number of Controlled Switches,Robotics,Medical,Prototype,10501,Project focusing on ac-dc-ac single-phase multilevel six-leg converter with reduced number of controlled switches.,ADD_IMAGE_LINK,ADD_VIDEO_LINK,"Robotics, Medical",TRUE
A Modulation Reference Compensation Method to Realize Fully Decoupled Power Control for to Realize Fully Decoupled Power Control for Modular Multilevel Converters,Machine Learning,EEE,Product,9801,Project focusing on a modulation reference compensation method to realize fully decoupled power control for to realize fully decoupled power control for modular multilevel converters.,ADD_IMAGE_LINK,ADD_VIDEO_LINK,"Machine Learning, EEE",TRUE
Three-Phase PLL for Grid-Connected Power Converters under Both Amplitude and Phase Unbalanced Conditions,Embedded,EEE,Product,8573,Project focusing on three-phase pll for grid-connected power converters under both amplitude and phase unbalanced conditions.,ADD_IMAGE_LINK,ADD_VIDEO_LINK,"Embedded, EEE",TRUE
Real Time DC Water Tank Level Control using Arduino Mega,Machine Learning,Civil,Product,9037,Project focusing on real time dc water tank level control using arduino mega.,ADD_IMAGE_LINK,ADD_VIDEO_LINK,"Machine Learning, Civil",TRUE
PIC Microcontroller Based Power Factor Correction for both Leading and Lagging Loads using Compensation Method,Robotics,EEE,Product,10002,Project focusing on pic microcontroller based power factor correction for both leading and lagging loads using compensation method.,ADD_IMAGE_LINK,ADD_VIDEO_LINK,"Robotics, EEE",TRUE
Operation of a High Renewable Penetrated Power System with CSP plants A Look-ahead Stochastic Unit Commitment Model,Embedded,EEE,Prototype,8573,Project focusing on operation of a high renewable penetrated power system with csp plants a look-ahead stochastic unit commitment model.,ADD_IMAGE_LINK,ADD_VIDEO_LINK,"Embedded, EEE",TRUE
Modulation Effects on Power-loss and Leakage Current in Three-Phase Solar Inverters,Machine Learning,EEE,Prototype,9801,Project focusing on modulation effects on power-loss and leakage current in three-phase solar inverters.,ADD_IMAGE_LINK,ADD_VIDEO_LINK,"Machine Learning, EEE",FALSE
Design and Implementation of a Microcontroller Based Low Cost Computer Numerical Control (CNC) Plotter using Motor Driver Controller,Embedded,Mechanical,Product,12500,Project focusing on design and implementation of a microcontroller based low cost computer numerical control (cnc) plotter using motor driver controller.,ADD_IMAGE_LINK,ADD_VIDEO_LINK,"Embedded, Mechanical",FALSE
Low-Energy Smart Cities network with LoRa and Bluetooth,Embedded,Civil,Product,9299,Project focusing on low-energy smart cities network with lora and bluetooth.,ADD_IMAGE_LINK,ADD_VIDEO_LINK,"Embedded, Civil",FALSE
Intelligent Power Monitoring Switch Using MSP,Simulation,EEE,Product,9528,Project focusing on intelligent power monitoring switch using msp.,ADD_IMAGE_LINK,ADD_VIDEO_LINK,"Simulation, EEE",TRUE
Fully-Integrated CMOS DC-DC Boost Converter,Robotics,CSE,Prototype,10501,Project focusing on fully-integrated cmos dc-dc boost converter.,ADD_IMAGE_LINK,ADD_VIDEO_LINK,"Robotics, CSE",FALSE
Fault Detection in Transformer Using GSM Technology,Simulation,Mechanical,Prototype,9524,Project focusing on fault detection in transformer using gsm technology.,ADD_IMAGE_LINK,ADD_VIDEO_LINK,"Simulation, Mechanical",FALSE
Design and Simulation of a Reactive Power Compensator Using STATCOM for ‘Muhuri Dam ‘Wind Power Plant,Simulation,EEE,Prototype,9528,Project focusing on design and simulation of a reactive power compensator using statcom for ‘muhuri dam ‘wind power plant.,ADD_IMAGE_LINK,ADD_VIDEO_LINK,"Simulation, EEE",FALSE
Microcontroller Based Bore well Vehicle Status Informer Using GSM,IoT,Civil,Product,6499,Project focusing on microcontroller based bore well vehicle status informer using gsm.,ADD_IMAGE_LINK,ADD_VIDEO_LINK,"IoT, Civil",FALSE
Automation of Energy Meter and Building a Network Using IOT,IoT,EEE,Product,9253,Project focusing on automation of energy meter and building a network using iot.,ADD_IMAGE_LINK,ADD_VIDEO_LINK,"IoT, EEE",TRUE
Smart System for Automatic AC Motor Starter based on GSM,Simulation,Mechanical,Product,9524,Project focusing on smart system for automatic ac motor starter based on gsm.,ADD_IMAGE_LINK,ADD_VIDEO_LINK,"Simulation, Mechanical",FALSE
Arduino Based Smart Energy Meter using GSM,Machine Learning,EEE,Product,9801,Project focusing on arduino based smart energy meter using gsm.,ADD_IMAGE_LINK,ADD_VIDEO_LINK,"Machine Learning, EEE",FALSE
Adaptive Reactive Power Control of PV Power Plants for Improved Power Transfer Capability under Ultra-Weak Grid Conditions,Robotics,EEE,Prototype,10002,Project focusing on adaptive reactive power control of pv power plants for improved power transfer capability under ultra-weak grid conditions.,ADD_IMAGE_LINK,ADD_VIDEO_LINK,"Robotics, EEE",TRUE
A Wide Input and Output Voltage Range Battery Charger Using Buck-Boost Power Factor Correction Converter,Machine Learning,EEE,Prototype,9801,Project focusing on a wide input and output voltage range battery charger using buck-boost power factor correction converter.,ADD_IMAGE_LINK,ADD_VIDEO_LINK,"Machine Learning, EEE",TRUE
A New Single-Input Dual-Output DC-DC Converter Modelled Using Small-Signal AC Approach for Micro-Grid Applications,Robotics,EEE,Product,10002,Project focusing on a new single-input dual-output dc-dc converter modelled using small-signal ac approach for micro-grid applications.,ADD_IMAGE_LINK,ADD_VIDEO_LINK,"Robotics, EEE",FALSE
A High Efficiency Non-Isolated Buck-Boost Converter Based on ZETA Converter,Large AI,ECE,Prototype,7999,Project focusing on a high efficiency non-isolated buck-boost converter based on zeta converter.,ADD_IMAGE_LINK,ADD_VIDEO_LINK,"Large AI, ECE",FALSE
A MHz -to-VIN Buck-Boost Converter for Automotive Use Achieving % Efficiency and CISPR Class Standard,Robotics,Civil,Prototype,10501,Project focusing on a mhz -to-vin buck-boost converter for automotive use achieving % efficiency and cispr class standard.,ADD_IMAGE_LINK,ADD_VIDEO_LINK,"Robotics, Civil",TRUE
DC-Link Quasi-Switched Boost Inverter with Improved PWM Strategy and Its Comparative Evaluation,Embedded,EEE,Prototype,8573,Project focusing on dc-link quasi-switched boost inverter with improved pwm strategy and its comparative evaluation.,ADD_IMAGE_LINK,ADD_VIDEO_LINK,"Embedded, EEE",FALSE
Noninverting Buck-Boost DC-DC Converter Using a Duo binary-Encoded Single-Bit Delta-Sigma Modulator,Robotics,Civil,Product,10501,Project focusing on noninverting buck-boost dc-dc converter using a duo binary-encoded single-bit delta-sigma modulator.,ADD_IMAGE_LINK,ADD_VIDEO_LINK,"Robotics, Civil",TRUE
A Scheme to Improve Power Factor and Dynamic Response Performance for CRM/DCM Buck-Buck/Boost PFC Converter,Simulation,EEE,Prototype,9528,Project focusing on a scheme to improve power factor and dynamic response performance for crm/dcm buck-buck/boost pfc converter.,ADD_IMAGE_LINK,ADD_VIDEO_LINK,"Simulation, EEE",FALSE
Bidirectional Buck-Boost Current-Fed Isolated DC-DC Converter and Its Modulation,Large AI,EEE,Prototype,10890,Project focusing on bidirectional buck-boost current-fed isolated dc-dc converter and its modulation.,ADD_IMAGE_LINK,ADD_VIDEO_LINK,"Large AI, EEE",FALSE
Manitoba Rectifier - Bridgeless Buck-Boost PFC,Large AI,Mechanical,Product,10105,Project focusing on manitoba rectifier - bridgeless buck-boost pfc.,ADD_IMAGE_LINK,ADD_VIDEO_LINK,"Large AI, Mechanical",FALSE
System Model and Performance Evaluation of Single-Stage Buck-Boost Type Manitoba Inverter for PV Applications,Simulation,EEE,Product,9528,Project focusing on system model and performance evaluation of single-stage buck-boost type manitoba inverter for pv applications.,ADD_IMAGE_LINK,ADD_VIDEO_LINK,"Simulation, EEE",FALSE
Development of an Improved Input-Parallel Output-Series Buck-Boost Converter and Its Closed-Loop Control,Simulation,Medical,Prototype,9524,Project focusing on development of an improved input-parallel output-series buck-boost converter and its closed-loop control.,ADD_IMAGE_LINK,ADD_VIDEO_LINK,"Simulation, Medical",TRUE
An Active Impedance-Source Three-Level T-Type Inverter with Reduced Device Count,Machine Learning,EEE,Product,9801,Project focusing on an active impedance-source three-level t-type inverter with reduced device count.,ADD_IMAGE_LINK,ADD_VIDEO_LINK,"Machine Learning, EEE",TRUE
A Lossless Turn-on Snubber for Reducing Diode Reverse Recovery Losses in Bidirectional Buck/Boost Converter,Robotics,Medical,Prototype,10501,Project focusing on a lossless turn-on snubber for reducing diode reverse recovery losses in bidirectional buck/boost converter.,ADD_IMAGE_LINK,ADD_VIDEO_LINK,"Robotics, Medical",TRUE
Buck-Boost-Buck Type Single-Switch Multi-String Resonant LED Driver with High Power Factor and Passive Current Balancing,Embedded,EEE,Product,8573,Project focusing on buck-boost-buck type single-switch multi-string resonant led driver with high power factor and passive current balancing.,ADD_IMAGE_LINK,ADD_VIDEO_LINK,"Embedded, EEE",TRUE
Stability Region Based Robust Controller Design for High-gain Boost DC-DC Converter,Machine Learning,Medical,Product,8499,Project focusing on stability region based robust controller design for high-gain boost dc-dc converter.,ADD_IMAGE_LINK,ADD_VIDEO_LINK,"Machine Learning, Medical",TRUE
Multi-mode Smooth Switching Strategy for Eliminating the Operational Dead Zone in Noninverting Buck-Boost Converter,Large AI,CSE,Product,10105,Project focusing on multi-mode smooth switching strategy for eliminating the operational dead zone in noninverting buck-boost converter.,ADD_IMAGE_LINK,ADD_VIDEO_LINK,"Large AI, CSE",TRUE
Five-Level Transformer less Inverter for Single-Phase Solar Photovoltaic Applications,Machine Learning,EEE,Product,9801,Project focusing on five-level transformer less inverter for single-phase solar photovoltaic applications.,ADD_IMAGE_LINK,ADD_VIDEO_LINK,"Machine Learning, EEE",TRUE
"Two-phase, Dual Interleaved Buck-Boost DC-DC Converter for Automotive Applications",Embedded,CSE,Product,6499,"Project focusing on two-phase, dual interleaved buck-boost dc-dc converter for automotive applications.",ADD_IMAGE_LINK,ADD_VIDEO_LINK,"Embedded, CSE",FALSE
Grid Impedance Estimation through Grid-Forming Power Converters,IoT,EEE,Prototype,9253,Project focusing on grid impedance estimation through grid-forming power converters.,ADD_IMAGE_LINK,ADD_VIDEO_LINK,"IoT, EEE",FALSE
A Coupled Inductor based Buck-Boost type Grid Connected Transformerless PV Inverter having the Ability to Control Two Subarrays Simultaneously,IoT,EEE,Prototype,9253,Project focusing on a coupled inductor based buck-boost type grid connected transformerless pv inverter having the ability to control two subarrays simultaneously.,ADD_IMAGE_LINK,ADD_VIDEO_LINK,"IoT, EEE",TRUE
Smart Irrigation System with Monitoring and Controlling using Iot,IoT,CSE,Prototype,8750,Project focusing on smart irrigation system with monitoring and controlling using iot.,ADD_IMAGE_LINK,ADD_VIDEO_LINK,"IoT, CSE",TRUE
Analysis of a Synergetically Controlled Two-Stage Three-Phase DC/AC Buck-Boost Converter,Large AI,CSE,Prototype,10105,Project focusing on analysis of a synergetically controlled two-stage three-phase dc/ac buck-boost converter.,ADD_IMAGE_LINK,ADD_VIDEO_LINK,"Large AI, CSE",FALSE
Remote Triggered Dual Axis Solar Irradiance Measurement System,Machine Learning,EEE,Prototype,9801,Project focusing on remote triggered dual axis solar irradiance measurement system.,ADD_IMAGE_LINK,ADD_VIDEO_LINK,"Machine Learning, EEE",FALSE
Fully Integrated Buck and Boost Converter as a High Efficient High-Power-Density Off-Line LED Driver,IoT,EEE,Prototype,9253,Project focusing on fully integrated buck and boost converter as a high efficient high-power-density off-line led driver.,ADD_IMAGE_LINK,ADD_VIDEO_LINK,"IoT, EEE",TRUE
Advanced Synchronization Control for Inverters Parallel Operation in Microgrids Using Coupled Hopf Oscillators,Simulation,EEE,Prototype,9528,Project focusing on advanced synchronization control for inverters parallel operation in microgrids using coupled hopf oscillators.,ADD_IMAGE_LINK,ADD_VIDEO_LINK,"Simulation, EEE",FALSE
Control Scheme and Performance Analysis of Dual-Frequency Single-Phase Grid-Connected Inverter Interfaced With Weak and Distorted Grids,Robotics,EEE,Prototype,10002,Project focusing on control scheme and performance analysis of dual-frequency single-phase grid-connected inverter interfaced with weak and distorted grids.,ADD_IMAGE_LINK,ADD_VIDEO_LINK,"Robotics, EEE",TRUE
AC Grid Emulations for Advanced Testing of Grid-Connected Converters—an Overview,Simulation,EEE,Prototype,9528,Project focusing on ac grid emulations for advanced testing of grid-connected converters—an overview.,ADD_IMAGE_LINK,ADD_VIDEO_LINK,"Simulation, EEE",FALSE
Low-Voltage Stress Buck-Boost Converter with a High-Voltage Conversion Gain,Machine Learning,EEE,Product,9801,Project focusing on low-voltage stress buck-boost converter with a high-voltage conversion gain.,ADD_IMAGE_LINK,ADD_VIDEO_LINK,"Machine Learning, EEE",TRUE
"Generalized State Space Average Model for Multi-Phase Interleaved Buck, Boost and Buck-Boost DC-DC Converters: Transient, Steady-State and Switching DynamicsZ",Robotics,Civil,Product,10501,"Project focusing on generalized state space average model for multi-phase interleaved buck, boost and buck-boost dc-dc converters: transient, steady-state and switching dynamicsz.",ADD_IMAGE_LINK,ADD_VIDEO_LINK,"Robotics, Civil",TRUE
A Novel Modiﬁed Switched Inductor Boost Converter with Reduced Switch Voltage Stress,Large AI,Civil,Product,7499,Project focusing on a novel modiﬁed switched inductor boost converter with reduced switch voltage stress.,ADD_IMAGE_LINK,ADD_VIDEO_LINK,"Large AI, Civil",TRUE
Small-Signal Modeling and Stability Prediction of Parallel Droop-Controlled Inverters Based on Terminal Characteristics of Individual Inverters,IoT,EEE,Prototype,9253,Project focusing on small-signal modeling and stability prediction of parallel droop-controlled inverters based on terminal characteristics of individual inverters.,ADD_IMAGE_LINK,ADD_VIDEO_LINK,"IoT, EEE",TRUE
Full-Bridge Single-Inductor Based Buck-Boost Inverters,Robotics,EEE,Prototype,10002,Project focusing on full-bridge single-inductor based buck-boost inverters.,ADD_IMAGE_LINK,ADD_VIDEO_LINK,"Robotics, EEE",FALSE
An Optimal PWM Technique for Dual-Output Nine-Switch Boost Inverters with Minimum Passive Component Count,Simulation,EEE,Product,9528,Project focusing on an optimal pwm technique for dual-output nine-switch boost inverters with minimum passive component count.,ADD_IMAGE_LINK,ADD_VIDEO_LINK,"Simulation, EEE",TRUE
A Single-Inductor Multiple-Output Buck/Boost DC-DC Converter with Duty-Cycle and Control-Current Predictor,Robotics,EEE,Product,10002,Project focusing on a single-inductor multiple-output buck/boost dc-dc converter with duty-cycle and control-current predictor.,ADD_IMAGE_LINK,ADD_VIDEO_LINK,"Robotics, EEE",TRUE
Incremental Passivity Control in Multilevel Cascaded H-Bridge Converters,IoT,EEE,Prototype,9253,Project focusing on incremental passivity control in multilevel cascaded h-bridge converters.,ADD_IMAGE_LINK,ADD_VIDEO_LINK,"IoT, EEE",FALSE
Switched Capacitor Integrated (n+)-Level Step-up Single-Phase Inverter,Large AI,EEE,Prototype,10890,Project focusing on switched capacitor integrated (n+)-level step-up single-phase inverter.,ADD_IMAGE_LINK,ADD_VIDEO_LINK,"Large AI, EEE",TRUE
A Reliable Single-Phase Bipolar Buck-Boost Direct PWM AC-AC Converter with Continuous Input/ Output Current,Large AI,EEE,Product,10890,Project focusing on a reliable single-phase bipolar buck-boost direct pwm ac-ac converter with continuous input/ output current.,ADD_IMAGE_LINK,ADD_VIDEO_LINK,"Large AI, EEE",TRUE
Single Phase ZAC-Source AC-AC Converter with High Buck and Boost Voltage Conversion Capability,Machine Learning,Civil,Product,9037,Project focusing on single phase zac-source ac-ac converter with high buck and boost voltage conversion capability.,ADD_IMAGE_LINK,ADD_VIDEO_LINK,"Machine Learning, Civil",FALSE
Ferdowsi Rectifiers – Single-Phase Buck-Boost Bridgeless PFC Rectifiers with Low Semiconductor Count,Simulation,Mechanical,Prototype,9524,Project focusing on ferdowsi rectifiers – single-phase buck-boost bridgeless pfc rectifiers with low semiconductor count.,ADD_IMAGE_LINK,ADD_VIDEO_LINK,"Simulation, Mechanical",FALSE
Dead-Zone Free Control scheme for H-bridge buck-boost converter,Machine Learning,ECE,Prototype,5999,Project focusing on dead-zone free control scheme for h-bridge buck-boost converter.,ADD_IMAGE_LINK,ADD_VIDEO_LINK,"Machine Learning, ECE",TRUE
A High Step-up Dual-Source Three Phase Inverter Topology with Decoupled and Reliable Control Algorithm,Robotics,EEE,Product,10002,Project focusing on a high step-up dual-source three phase inverter topology with decoupled and reliable control algorithm.,ADD_IMAGE_LINK,ADD_VIDEO_LINK,"Robotics, EEE",TRUE
An Improved Reduced Complexity Model Predictive Current Controller for Grid Connected Four-Leg Multilevel Inverter,IoT,EEE,Product,9253,Project focusing on an improved reduced complexity model predictive current controller for grid connected four-leg multilevel inverter.,ADD_IMAGE_LINK,ADD_VIDEO_LINK,"IoT, EEE",TRUE
Advanced Current-Limiting and Power-Sharing Control in a PV-Based Grid-Forming Inverter under Unbalanced Grid Conditions,IoT,EEE,Product,9253,Project focusing on advanced current-limiting and power-sharing control in a pv-based grid-forming inverter under unbalanced grid conditions.,ADD_IMAGE_LINK,ADD_VIDEO_LINK,"IoT, EEE",TRUE
Non-Isolated High-Gain Triple Port DC-DC Buck-Boost Converter with Positive Output Voltage for Photovoltaic Application,Machine Learning,Civil,Prototype,9037,Project focusing on non-isolated high-gain triple port dc-dc buck-boost converter with positive output voltage for photovoltaic application.,ADD_IMAGE_LINK,ADD_VIDEO_LINK,"Machine Learning, Civil",TRUE
Fabrication of Solar Powered Air Pollution and Speed Detection for Vehicle,Machine Learning,EEE,Prototype,9801,Project focusing on fabrication of solar powered air pollution and speed detection for vehicle.,ADD_IMAGE_LINK,ADD_VIDEO_LINK,"Machine Learning, EEE",FALSE
Device Load Monitor with Programmable Meter for Energy Audit,Large AI,Civil,Prototype,7499,Project focusing on device load monitor with programmable meter for energy audit.,ADD_IMAGE_LINK,ADD_VIDEO_LINK,"Large AI, Civil",FALSE
IoT Based Transmission Line Monitoring System Using Raspberry Pi,IoT,Civil,Product,6499,Project focusing on iot based transmission line monitoring system using raspberry pi.,ADD_IMAGE_LINK,ADD_VIDEO_LINK,"IoT, Civil",TRUE
IOT based Smart Energy Meter Monitoring with Theft Detection,IoT,Civil,Prototype,6499,Project focusing on iot based smart energy meter monitoring with theft detection.,ADD_IMAGE_LINK,ADD_VIDEO_LINK,"IoT, Civil",TRUE
Gyroscope sensing using neopixel ring,Machine Learning,Civil,Prototype,9037,Project focusing on gyroscope sensing using neopixel ring.,ADD_IMAGE_LINK,ADD_VIDEO_LINK,"Machine Learning, Civil",FALSE
Smart Shoes,Large AI,CSE,Prototype,10105,Project focusing on smart shoes.,ADD_IMAGE_LINK,ADD_VIDEO_LINK,"Large AI, CSE",TRUE
"piezo electric power generation using mobile charging, streetlights, AC load",Embedded,EEE,Product,8573,"Project focusing on piezo electric power generation using mobile charging, streetlights, ac load.",ADD_IMAGE_LINK,ADD_VIDEO_LINK,"Embedded, EEE",FALSE
IOT Weather Station Using Arduino UNO,IoT,Civil,Product,6499,Project focusing on iot weather station using arduino uno.,ADD_IMAGE_LINK,ADD_VIDEO_LINK,"IoT, Civil",FALSE
Wireless Charging Of Electrical Vehicle,Large AI,EEE,Prototype,10890,Project focusing on wireless charging of electrical vehicle.,ADD_IMAGE_LINK,ADD_VIDEO_LINK,"Large AI, EEE",TRUE
Solar based electric CAR,Simulation,EEE,Product,9528,Project focusing on solar based electric car.,ADD_IMAGE_LINK,ADD_VIDEO_LINK,"Simulation, EEE",FALSE
Water Management system based on IOT,IoT,ECE,Product,8449,Project focusing on water management system based on iot.,ADD_IMAGE_LINK,ADD_VIDEO_LINK,"IoT, ECE",TRUE
Smart traffic monitoring and controlling system,Machine Learning,CSE,Prototype,8699,Project focusing on smart traffic monitoring and controlling system.,ADD_IMAGE_LINK,ADD_VIDEO_LINK,"Machine Learning, CSE",FALSE
Microcontroller Based Buck- Boost Converter,Embedded,ECE,Product,8599,Project focusing on microcontroller based buck- boost converter.,ADD_IMAGE_LINK,ADD_VIDEO_LINK,"Embedded, ECE",FALSE
IOT Connected Safety Sensor Network System For Industrial Applications Using Raspberry Pi,IoT,Civil,Product,6499,Project focusing on iot connected safety sensor network system for industrial applications using raspberry pi.,ADD_IMAGE_LINK,ADD_VIDEO_LINK,"IoT, Civil",TRUE
Retrofitting Of Electric Vehicle with Power Boosters,Large AI,EEE,Prototype,10890,Project focusing on retrofitting of electric vehicle with power boosters.,ADD_IMAGE_LINK,ADD_VIDEO_LINK,"Large AI, EEE",FALSE
Industrial fencing security implementation using SCADA,Embedded,Mechanical,Product,12500,Project focusing on industrial fencing security implementation using scada.,ADD_IMAGE_LINK,ADD_VIDEO_LINK,"Embedded, Mechanical",TRUE
Analysis and Testing of Dual Axis Solar Tracker for a Standalone PV Systems,Large AI,EEE,Prototype,10890,Project focusing on analysis and testing of dual axis solar tracker for a standalone pv systems.,ADD_IMAGE_LINK,ADD_VIDEO_LINK,"Large AI, EEE",TRUE
IOT based Smart Energy Meter Monitoring with Theft Detection,IoT,Civil,Product,6499,Project focusing on iot based smart energy meter monitoring with theft detection.,ADD_IMAGE_LINK,ADD_VIDEO_LINK,"IoT, Civil",TRUE
Design and Specification of Building Integrated DC Electricity Networks,IoT,Mechanical,Prototype,8605,Project focusing on design and specification of building integrated dc electricity networks.,ADD_IMAGE_LINK,ADD_VIDEO_LINK,"IoT, Mechanical",FALSE
Triangular hut shape solar tracker using parabolic reflector,Simulation,EEE,Prototype,9528,Project focusing on triangular hut shape solar tracker using parabolic reflector.,ADD_IMAGE_LINK,ADD_VIDEO_LINK,"Simulation, EEE",FALSE
Maximum power point tracking using fuzzy logic for PV systems,Embedded,EEE,Prototype,8573,Project focusing on maximum power point tracking using fuzzy logic for pv systems.,ADD_IMAGE_LINK,ADD_VIDEO_LINK,"Embedded, EEE",FALSE
Fabrication of Solar Water Purification System,Machine Learning,EEE,Prototype,9801,Project focusing on fabrication of solar water purification system.,ADD_IMAGE_LINK,ADD_VIDEO_LINK,"Machine Learning, EEE",TRUE
Advanced User Controlled Roof Top Antenna Signal Tracking System with Geared DC Motor,Large AI,Mechanical,Product,10105,Project focusing on advanced user controlled roof top antenna signal tracking system with geared dc motor.,ADD_IMAGE_LINK,ADD_VIDEO_LINK,"Large AI, Mechanical",FALSE
Power monitoring using Raspberry pi on Thingspeak,Machine Learning,EEE,Prototype,9801,Project focusing on power monitoring using raspberry pi on thingspeak.,ADD_IMAGE_LINK,ADD_VIDEO_LINK,"Machine Learning, EEE",FALSE
phase Line - Neutral Fault Detection IOT ESP,IoT,EEE,Prototype,9253,Project focusing on phase line - neutral fault detection iot esp.,ADD_IMAGE_LINK,ADD_VIDEO_LINK,"IoT, EEE",TRUE
Grid Interactive Solar PV Based Water Pumping Using PMDC Motor Drive,Simulation,EEE,Product,9528,Project focusing on grid interactive solar pv based water pumping using pmdc motor drive.,ADD_IMAGE_LINK,ADD_VIDEO_LINK,"Simulation, EEE",FALSE
Improved Power Quality Switched Inductor Cuk Converter for Battery Charging Application,Machine Learning,EEE,Product,9801,Project focusing on improved power quality switched inductor cuk converter for battery charging application.,ADD_IMAGE_LINK,ADD_VIDEO_LINK,"Machine Learning, EEE",TRUE
Dual axis solar tracker with weather sensors,Robotics,EEE,Prototype,10002,Project focusing on dual axis solar tracker with weather sensors.,ADD_IMAGE_LINK,ADD_VIDEO_LINK,"Robotics, EEE",FALSE
Back to back solar tracker using parabolic reflector,IoT,EEE,Product,9253,Project focusing on back to back solar tracker using parabolic reflector.,ADD_IMAGE_LINK,ADD_VIDEO_LINK,"IoT, EEE",TRUE
Automatic rain protection for field crops,Machine Learning,ECE,Prototype,5999,Project focusing on automatic rain protection for field crops.,ADD_IMAGE_LINK,ADD_VIDEO_LINK,"Machine Learning, ECE",TRUE
Fabrication of Solar based Automatic Tire Inflation System for Cars,Machine Learning,EEE,Prototype,9801,Project focusing on fabrication of solar based automatic tire inflation system for cars.,ADD_IMAGE_LINK,ADD_VIDEO_LINK,"Machine Learning, EEE",FALSE
Closed loop speed controlling of BLDC motor,Embedded,Mechanical,Product,12500,Project focusing on closed loop speed controlling of bldc motor.,ADD_IMAGE_LINK,ADD_VIDEO_LINK,"Embedded, Mechanical",FALSE
IOT Circuit Breaker using Raspberry pi,IoT,Mechanical,Product,8605,Project focusing on iot circuit breaker using raspberry pi.,ADD_IMAGE_LINK,ADD_VIDEO_LINK,"IoT, Mechanical",TRUE
Solar fence charger with GSM alert,Large AI,EEE,Prototype,10890,Project focusing on solar fence charger with gsm alert.,ADD_IMAGE_LINK,ADD_VIDEO_LINK,"Large AI, EEE",TRUE
State of Charge Estimation for Electric Batteries,IoT,EEE,Product,9253,Project focusing on state of charge estimation for electric batteries.,ADD_IMAGE_LINK,ADD_VIDEO_LINK,"IoT, EEE",TRUE
IOT based smart home automation system using sensor Node,IoT,Mechanical,Prototype,8605,Project focusing on iot based smart home automation system using sensor node.,ADD_IMAGE_LINK,ADD_VIDEO_LINK,"IoT, Mechanical",TRUE
BLDC Motor driver solar PV array fed water pumping System Employing Zeta converter,Robotics,EEE,Prototype,10002,Project focusing on bldc motor driver solar pv array fed water pumping system employing zeta converter.,ADD_IMAGE_LINK,ADD_VIDEO_LINK,"Robotics, EEE",FALSE
IOT Energy Meter with Theft Detection and Billing Notification into the Blynk App,IoT,ECE,Product,8449,Project focusing on iot energy meter with theft detection and billing notification into the blynk app.,ADD_IMAGE_LINK,ADD_VIDEO_LINK,"IoT, ECE",TRUE
Design of SEPIC Converter with Inverter fed AC Motor,Large AI,EEE,Product,10890,Project focusing on design of sepic converter with inverter fed ac motor.,ADD_IMAGE_LINK,ADD_VIDEO_LINK,"Large AI, EEE",FALSE
Control Scheme and Performance Analysis of Dual-Frequency Single-Phase Grid-Connected Inverter Interfaced With Weak and Distorted Grids,Robotics,EEE,Prototype,10002,Project focusing on control scheme and performance analysis of dual-frequency single-phase grid-connected inverter interfaced with weak and distorted grids.,ADD_IMAGE_LINK,ADD_VIDEO_LINK,"Robotics, EEE",FALSE
Four Quadrant Operation of Permanent Magnet Motor,IoT,Mechanical,Product,8605,Project focusing on four quadrant operation of permanent magnet motor.,ADD_IMAGE_LINK,ADD_VIDEO_LINK,"IoT, Mechanical",TRUE
"Power quality, continuity and load monitoring over IoT",IoT,EEE,Prototype,9253,"Project focusing on power quality, continuity and load monitoring over iot.",ADD_IMAGE_LINK,ADD_VIDEO_LINK,"IoT, EEE",FALSE
Induction Heating By Solar Energy with Regulated Step-up Boost Converter,Large AI,EEE,Product,10890,Project focusing on induction heating by solar energy with regulated step-up boost converter.,ADD_IMAGE_LINK,ADD_VIDEO_LINK,"Large AI, EEE",FALSE
An Implementation of Solar PV Array Based Multifunctional EV Charger,Simulation,EEE,Product,9528,Project focusing on an implementation of solar pv array based multifunctional ev charger.,ADD_IMAGE_LINK,ADD_VIDEO_LINK,"Simulation, EEE",TRUE
Solar powered multipurpose Agriculture,Embedded,EEE,Prototype,8573,Project focusing on solar powered multipurpose agriculture.,ADD_IMAGE_LINK,ADD_VIDEO_LINK,"Embedded, EEE",FALSE
Hybrid solar illumination system using fiber optics,Robotics,EEE,Prototype,10002,Project focusing on hybrid solar illumination system using fiber optics.,ADD_IMAGE_LINK,ADD_VIDEO_LINK,"Robotics, EEE",TRUE
Patrolling Robot with Esp Cam,Robotics,EEE,Prototype,10002,Project focusing on patrolling robot with esp cam.,ADD_IMAGE_LINK,ADD_VIDEO_LINK,"Robotics, EEE",FALSE
IOT based College notice board using p LED display,IoT,CSE,Product,8750,Project focusing on iot based college notice board using p led display.,ADD_IMAGE_LINK,ADD_VIDEO_LINK,"IoT, CSE",TRUE
phase Line - Neutral Fault Detection IOT ESP,IoT,Civil,Prototype,6499,Project focusing on phase line - neutral fault detection iot esp.,ADD_IMAGE_LINK,ADD_VIDEO_LINK,"IoT, Civil",FALSE
Advanced Footstep Power Generation System Using RFID for charging,IoT,EEE,Product,9253,Project focusing on advanced footstep power generation system using rfid for charging.,ADD_IMAGE_LINK,ADD_VIDEO_LINK,"IoT, EEE",FALSE
Wireless power transmission for electric vehicle using solar and wind,Robotics,EEE,Product,10002,Project focusing on wireless power transmission for electric vehicle using solar and wind.,ADD_IMAGE_LINK,ADD_VIDEO_LINK,"Robotics, EEE",FALSE
Wind and Solar Mobile and Laptop Charging Station,Robotics,EEE,Product,10002,Project focusing on wind and solar mobile and laptop charging station.,ADD_IMAGE_LINK,ADD_VIDEO_LINK,"Robotics, EEE",FALSE
"Voice Controlled Air Purifier, IOT based monitoring, Bacteria Killing and Sleep Assist",IoT,CSE,Prototype,8750,"Project focusing on voice controlled air purifier, iot based monitoring, bacteria killing and sleep assist.",ADD_IMAGE_LINK,ADD_VIDEO_LINK,"IoT, CSE",TRUE
Voice based hot cold-water dispenser using raspberry pi,IoT,CSE,Product,8750,Project focusing on voice based hot cold-water dispenser using raspberry pi.,ADD_IMAGE_LINK,ADD_VIDEO_LINK,"IoT, CSE",FALSE
Ventilator Using Cam Shaft Mechanism,Simulation,Mechanical,Product,9524,Project focusing on ventilator using cam shaft mechanism.,ADD_IMAGE_LINK,ADD_VIDEO_LINK,"Simulation, Mechanical",FALSE
Vehicle to Grid Bidirectional Energy Transfer,Large AI,EEE,Product,10890,Project focusing on vehicle to grid bidirectional energy transfer.,ADD_IMAGE_LINK,ADD_VIDEO_LINK,"Large AI, EEE",TRUE
Vehicle Speed Control and Accident-Avoidance System,Large AI,Medical,Product,10105,Project focusing on vehicle speed control and accident-avoidance system.,ADD_IMAGE_LINK,ADD_VIDEO_LINK,"Large AI, Medical",FALSE
Vehicle Speed and Count Display Using Arduino,Simulation,Medical,Prototype,9524,Project focusing on vehicle speed and count display using arduino.,ADD_IMAGE_LINK,ADD_VIDEO_LINK,"Simulation, Medical",TRUE
Timer Based Ultraviolet Sterilization,Machine Learning,EEE,Prototype,9801,Project focusing on timer based ultraviolet sterilization.,ADD_IMAGE_LINK,ADD_VIDEO_LINK,"Machine Learning, EEE",FALSE
Thyristor Power Control of Single-Phase Induction Motor Using IR Remote,Embedded,EEE,Product,8573,Project focusing on thyristor power control of single-phase induction motor using ir remote.,ADD_IMAGE_LINK,ADD_VIDEO_LINK,"Embedded, EEE",FALSE
Switched Capacitor Integrated (n+)-Level Step-up Single-Phase Inverter,Embedded,EEE,Product,8573,Project focusing on switched capacitor integrated (n+)-level step-up single-phase inverter.,ADD_IMAGE_LINK,ADD_VIDEO_LINK,"Embedded, EEE",TRUE
State Of Charge Estimation for Electric Batteries,Machine Learning,CSE,Product,8699,Project focusing on state of charge estimation for electric batteries.,ADD_IMAGE_LINK,ADD_VIDEO_LINK,"Machine Learning, CSE",TRUE
Audio Transmission using IR,Embedded,EEE,Prototype,8573,Project focusing on audio transmission using ir.,ADD_IMAGE_LINK,ADD_VIDEO_LINK,"Embedded, EEE",TRUE
"Solar, Wind and Grid Based Charging Station for Electric Vehicles",Machine Learning,EEE,Prototype,9801,"Project focusing on solar, wind and grid based charging station for electric vehicles.",ADD_IMAGE_LINK,ADD_VIDEO_LINK,"Machine Learning, EEE",FALSE
Super Sensitive Home Security System with Auto Dials and Loud Siren,Machine Learning,ECE,Prototype,5999,Project focusing on super sensitive home security system with auto dials and loud siren.,ADD_IMAGE_LINK,ADD_VIDEO_LINK,"Machine Learning, ECE",FALSE
Solar water purification by thermal method with tidal power,Machine Learning,EEE,Prototype,9801,Project focusing on solar water purification by thermal method with tidal power.,ADD_IMAGE_LINK,ADD_VIDEO_LINK,"Machine Learning, EEE",TRUE
Solar Powered Water Surface Garbage Collecting Boat,Large AI,EEE,Prototype,10890,Project focusing on solar powered water surface garbage collecting boat.,ADD_IMAGE_LINK,ADD_VIDEO_LINK,"Large AI, EEE",TRUE
Solar powered automatic field crop protection,Embedded,EEE,Prototype,8573,Project focusing on solar powered automatic field crop protection.,ADD_IMAGE_LINK,ADD_VIDEO_LINK,"Embedded, EEE",TRUE
Solar Outdoor Air Purifier and Air Quality Monitor,Machine Learning,EEE,Product,9801,Project focusing on solar outdoor air purifier and air quality monitor.,ADD_IMAGE_LINK,ADD_VIDEO_LINK,"Machine Learning, EEE",TRUE
Solar Inverter Using PIC Microcontroller,Large AI,EEE,Prototype,10890,Project focusing on solar inverter using pic microcontroller.,ADD_IMAGE_LINK,ADD_VIDEO_LINK,"Large AI, EEE",FALSE
"Smart Shoes With GSM, GPS",Simulation,EEE,Product,9528,"Project focusing on smart shoes with gsm, gps.",ADD_IMAGE_LINK,ADD_VIDEO_LINK,"Simulation, EEE",FALSE
Smart Buffer Stock Solution,Large AI,EEE,Product,10890,Project focusing on smart buffer stock solution.,ADD_IMAGE_LINK,ADD_VIDEO_LINK,"Large AI, EEE",TRUE
Hybrid Trike - solar and Dynamo,Machine Learning,EEE,Product,9801,Project focusing on hybrid trike - solar and dynamo.,ADD_IMAGE_LINK,ADD_VIDEO_LINK,"Machine Learning, EEE",FALSE
Smart BMS (battery management system) using raspberry pi,Simulation,CSE,Product,9524,Project focusing on smart bms (battery management system) using raspberry pi.,ADD_IMAGE_LINK,ADD_VIDEO_LINK,"Simulation, CSE",FALSE
Seven-level-cascaded-multilevel-inverter,Machine Learning,EEE,Product,9801,Project focusing on seven-level-cascaded-multilevel-inverter.,ADD_IMAGE_LINK,ADD_VIDEO_LINK,"Machine Learning, EEE",FALSE
Road Crossing Robot,Robotics,ECE,Product,10501,Project focusing on road crossing robot.,ADD_IMAGE_LINK,ADD_VIDEO_LINK,"Robotics, ECE",TRUE
RFID Based intelligent ambulance monitoring and traffic control system,Embedded,Civil,Product,9299,Project focusing on rfid based intelligent ambulance monitoring and traffic control system.,ADD_IMAGE_LINK,ADD_VIDEO_LINK,"Embedded, Civil",TRUE
RFID and GSM based bus pass notification system,Large AI,Civil,Prototype,7499,Project focusing on rfid and gsm based bus pass notification system.,ADD_IMAGE_LINK,ADD_VIDEO_LINK,"Large AI, Civil",TRUE
Power Grid Failure detection based on sensing frequency or voltage variation,Machine Learning,EEE,Prototype,9801,Project focusing on power grid failure detection based on sensing frequency or voltage variation.,ADD_IMAGE_LINK,ADD_VIDEO_LINK,"Machine Learning, EEE",FALSE
Plant Disease Detection Robot using ARDUINO and ESPCAM,Robotics,CSE,Product,10501,Project focusing on plant disease detection robot using arduino and espcam.,ADD_IMAGE_LINK,ADD_VIDEO_LINK,"Robotics, CSE",FALSE
OTP Based Ration distribution system,Embedded,ECE,Product,8599,Project focusing on otp based ration distribution system.,ADD_IMAGE_LINK,ADD_VIDEO_LINK,"Embedded, ECE",TRUE
OTP Based card less Transaction using ATM,Simulation,Mechanical,Prototype,9524,Project focusing on otp based card less transaction using atm.,ADD_IMAGE_LINK,ADD_VIDEO_LINK,"Simulation, Mechanical",FALSE
Multi input interleaved DC-DC converter for low voltage applications,Machine Learning,Mechanical,Prototype,9037,Project focusing on multi input interleaved dc-dc converter for low voltage applications.,ADD_IMAGE_LINK,ADD_VIDEO_LINK,"Machine Learning, Mechanical",FALSE
Luggage tracking system,Machine Learning,Civil,Product,9037,Project focusing on luggage tracking system.,ADD_IMAGE_LINK,ADD_VIDEO_LINK,"Machine Learning, Civil",FALSE
L-Ball: Designing a Novel Sports Electronic Audio Ball for Visual Impairment Student,Machine Learning,ECE,Prototype,5999,Project focusing on l-ball: designing a novel sports electronic audio ball for visual impairment student.,ADD_IMAGE_LINK,ADD_VIDEO_LINK,"Machine Learning, ECE",FALSE
IOT-Based surveillance Robot,IoT,CSE,Product,8750,Project focusing on iot-based surveillance robot.,ADD_IMAGE_LINK,ADD_VIDEO_LINK,"IoT, CSE",FALSE
IOT weather station using Arduino UNO,IoT,Mechanical,Prototype,8605,Project focusing on iot weather station using arduino uno.,ADD_IMAGE_LINK,ADD_VIDEO_LINK,"IoT, Mechanical",TRUE
IOT Solar Grass cutter,IoT,EEE,Prototype,9253,Project focusing on iot solar grass cutter.,ADD_IMAGE_LINK,ADD_VIDEO_LINK,"IoT, EEE",FALSE
IOT smart shopping trolley using raspberry pi,IoT,ECE,Product,8449,Project focusing on iot smart shopping trolley using raspberry pi.,ADD_IMAGE_LINK,ADD_VIDEO_LINK,"IoT, ECE",TRUE
IOT Robot with Live Human being detection and mail alert,IoT,EEE,Product,9253,Project focusing on iot robot with live human being detection and mail alert.,ADD_IMAGE_LINK,ADD_VIDEO_LINK,"IoT, EEE",FALSE
"IOT Battery-Management System (BMS) and SOC, SOH Development for Electrical Vehicles",IoT,EEE,Prototype,9253,"Project focusing on iot battery-management system (bms) and soc, soh development for electrical vehicles.",ADD_IMAGE_LINK,ADD_VIDEO_LINK,"IoT, EEE",TRUE
IOT based solar E-Uniform for soldiers,IoT,EEE,Prototype,9253,Project focusing on iot based solar e-uniform for soldiers.,ADD_IMAGE_LINK,ADD_VIDEO_LINK,"IoT, EEE",TRUE
IOT Based Smart Home Automation System Using Sensor Node,IoT,CSE,Prototype,8750,Project focusing on iot based smart home automation system using sensor node.,ADD_IMAGE_LINK,ADD_VIDEO_LINK,"IoT, CSE",TRUE
IOT Based Real-Time Air Quality Monitoring and Prediction System Using Random Forest and Decision Tree Algorithms,IoT,Mechanical,Product,8605,Project focusing on iot based real-time air quality monitoring and prediction system using random forest and decision tree algorithms.,ADD_IMAGE_LINK,ADD_VIDEO_LINK,"IoT, Mechanical",FALSE
IOT Based Advanced parking system for Heavy and Normal Vehicle,IoT,EEE,Product,9253,Project focusing on iot based advanced parking system for heavy and normal vehicle.,ADD_IMAGE_LINK,ADD_VIDEO_LINK,"IoT, EEE",TRUE
Hybrid Power Generation by Vertical Axis Wind Turbine and Solar,Robotics,EEE,Prototype,10002,Project focusing on hybrid power generation by vertical axis wind turbine and solar.,ADD_IMAGE_LINK,ADD_VIDEO_LINK,"Robotics, EEE",TRUE
High Efficiency Single Stage on Board Charger for Electric Vehicles,IoT,Medical,Product,6999,Project focusing on high efficiency single stage on board charger for electric vehicles.,ADD_IMAGE_LINK,ADD_VIDEO_LINK,"IoT, Medical",TRUE
Grid Connected Photovoltaic System,Machine Learning,EEE,Product,9801,Project focusing on grid connected photovoltaic system.,ADD_IMAGE_LINK,ADD_VIDEO_LINK,"Machine Learning, EEE",FALSE
Generation of Electricity from Trash,Simulation,Civil,Prototype,9524,Project focusing on generation of electricity from trash.,ADD_IMAGE_LINK,ADD_VIDEO_LINK,"Simulation, Civil",FALSE
Floating Sun Tracker with Dual Axis Solar Tracker,Embedded,EEE,Product,8573,Project focusing on floating sun tracker with dual axis solar tracker.,ADD_IMAGE_LINK,ADD_VIDEO_LINK,"Embedded, EEE",TRUE
EV BMS with Charger Monitoring and Fire Protection,Embedded,Medical,Prototype,8632,Project focusing on ev bms with charger monitoring and fire protection.,ADD_IMAGE_LINK,ADD_VIDEO_LINK,"Embedded, Medical",TRUE
EMI Based mobile charger with wind power,Robotics,EEE,Product,10002,Project focusing on emi based mobile charger with wind power.,ADD_IMAGE_LINK,ADD_VIDEO_LINK,"Robotics, EEE",FALSE
Design Of Intelligent Cloud Based Remote Electricity Metering and Billing System,Large AI,Mechanical,Prototype,10105,Project focusing on design of intelligent cloud based remote electricity metering and billing system.,ADD_IMAGE_LINK,ADD_VIDEO_LINK,"Large AI, Mechanical",TRUE
Design And Implementation of Intelligent Energy Distribution Management with Photovoltaic System,Machine Learning,ECE,Prototype,5999,Project focusing on design and implementation of intelligent energy distribution management with photovoltaic system.,ADD_IMAGE_LINK,ADD_VIDEO_LINK,"Machine Learning, ECE",FALSE
Density Based Traffic Light Control System Using Raspberry Pi and CNN,Simulation,Mechanical,Prototype,9524,Project focusing on density based traffic light control system using raspberry pi and cnn.,ADD_IMAGE_LINK,ADD_VIDEO_LINK,"Simulation, Mechanical",TRUE
Colling of solar panel by peltier Effect,Large AI,EEE,Prototype,10890,Project focusing on colling of solar panel by peltier effect.,ADD_IMAGE_LINK,ADD_VIDEO_LINK,"Large AI, EEE",FALSE
Collision avoidance and stabilization for autonomous vehicles,Robotics,CSE,Prototype,10501,Project focusing on collision avoidance and stabilization for autonomous vehicles.,ADD_IMAGE_LINK,ADD_VIDEO_LINK,"Robotics, CSE",TRUE
BUS Monitoring with SMS alerts using IoT Technology,IoT,Mechanical,Product,8605,Project focusing on bus monitoring with sms alerts using iot technology.,ADD_IMAGE_LINK,ADD_VIDEO_LINK,"IoT, Mechanical",TRUE
Bus for physically challenged,Embedded,ECE,Prototype,8599,Project focusing on bus for physically challenged.,ADD_IMAGE_LINK,ADD_VIDEO_LINK,"Embedded, ECE",TRUE
Bomb diffusion wireless controlled War field Robot,Robotics,CSE,Prototype,10501,Project focusing on bomb diffusion wireless controlled war field robot.,ADD_IMAGE_LINK,ADD_VIDEO_LINK,"Robotics, CSE",FALSE
Bluetooth Based Automatic Solar Grass Cutter Using Scalable Patterns,Simulation,EEE,Prototype,9528,Project focusing on bluetooth based automatic solar grass cutter using scalable patterns.,ADD_IMAGE_LINK,ADD_VIDEO_LINK,"Simulation, EEE",FALSE
Bidirectional power Converter for Electric Vehicle with Battery Charging and smart battery management system,Machine Learning,EEE,Prototype,9801,Project focusing on bidirectional power converter for electric vehicle with battery charging and smart battery management system.,ADD_IMAGE_LINK,ADD_VIDEO_LINK,"Machine Learning, EEE",FALSE
A Framework for the emerging smart infrastructure in the IOT Era,IoT,Civil,Product,6499,Project focusing on a framework for the emerging smart infrastructure in the iot era.,ADD_IMAGE_LINK,ADD_VIDEO_LINK,"IoT, Civil",FALSE
Automatic Vehicle Parking for Effective Area Utilizer,Robotics,EEE,Prototype,10002,Project focusing on automatic vehicle parking for effective area utilizer.,ADD_IMAGE_LINK,ADD_VIDEO_LINK,"Robotics, EEE",TRUE
Automatic Tariff Calculation with Wireless Energy Meter,Robotics,Mechanical,Prototype,12499,Project focusing on automatic tariff calculation with wireless energy meter.,ADD_IMAGE_LINK,ADD_VIDEO_LINK,"Robotics, Mechanical",TRUE
Automatic Fire Extinguishing Robot Automatic Pill Dispenser,Robotics,Medical,Prototype,10501,Project focusing on automatic fire extinguishing robot automatic pill dispenser.,ADD_IMAGE_LINK,ADD_VIDEO_LINK,"Robotics, Medical",TRUE
Automated Aeroponics System,Large AI,CSE,Prototype,10105,Project focusing on automated aeroponics system.,ADD_IMAGE_LINK,ADD_VIDEO_LINK,"Large AI, CSE",FALSE
APDS Gesture Based Home Automation system using Arduino,Embedded,Medical,Prototype,8632,Project focusing on apds gesture based home automation system using arduino.,ADD_IMAGE_LINK,ADD_VIDEO_LINK,"Embedded, Medical",TRUE
Agriculture Pesticides Spraying and Weed Cutting Robot,Robotics,CSE,Prototype,10501,Project focusing on agriculture pesticides spraying and weed cutting robot.,ADD_IMAGE_LINK,ADD_VIDEO_LINK,"Robotics, CSE",TRUE
Advanced Traffic Violation Control and Penalty System using IoT and Image Processing Techniques,IoT,Medical,Prototype,6999,Project focusing on advanced traffic violation control and penalty system using iot and image processing techniques.,ADD_IMAGE_LINK,ADD_VIDEO_LINK,"IoT, Medical",TRUE
Accident Prevention System for vehicles in hill Area,IoT,Mechanical,Prototype,8605,Project focusing on accident prevention system for vehicles in hill area.,ADD_IMAGE_LINK,ADD_VIDEO_LINK,"IoT, Mechanical",FALSE
Unified Closed-loop Control and Parameters Design of Buck Current-Fed Isolated DC-DC converter with Constant Power Load,Robotics,EEE,Product,10002,Project focusing on unified closed-loop control and parameters design of buck current-fed isolated dc-dc converter with constant power load.,ADD_IMAGE_LINK,ADD_VIDEO_LINK,"Robotics, EEE",FALSE
Tranformation of Wind Turbine Power Curves using the Statistics of the Wind Process,IoT,EEE,Prototype,9253,Project focusing on tranformation of wind turbine power curves using the statistics of the wind process.,ADD_IMAGE_LINK,ADD_VIDEO_LINK,"IoT, EEE",TRUE
Switching Cell Buck-Boost AC AC Converter with Common-Ground and Non Inverting or Inverting Operations,Embedded,Civil,Prototype,9299,Project focusing on switching cell buck-boost ac ac converter with common-ground and non inverting or inverting operations.,ADD_IMAGE_LINK,ADD_VIDEO_LINK,"Embedded, Civil",FALSE
Study on the Optimal Configuration of a Wind-Solar- Battery-Fuel Cell System Based Power Supply,Embedded,EEE,Prototype,8573,Project focusing on study on the optimal configuration of a wind-solar- battery-fuel cell system based power supply.,ADD_IMAGE_LINK,ADD_VIDEO_LINK,"Embedded, EEE",FALSE
Simple Capacitor Voltage Balancing for Three-Level NPC Inverter using Discontinuous PWM Method with Hysteresis Neutral-Point Error Band,IoT,EEE,Prototype,9253,Project focusing on simple capacitor voltage balancing for three-level npc inverter using discontinuous pwm method with hysteresis neutral-point error band.,ADD_IMAGE_LINK,ADD_VIDEO_LINK,"IoT, EEE",TRUE
Scalar and Vector Controlled Infinite Level Inverter (ILI) Topology Fed Open-Ended Three-Phase Induction Motor,IoT,EEE,Product,9253,Project focusing on scalar and vector controlled infinite level inverter (ili) topology fed open-ended three-phase induction motor.,ADD_IMAGE_LINK,ADD_VIDEO_LINK,"IoT, EEE",TRUE
Pseudo DC-Link EV Home Charger with a High Semiconductor Device Utilization Factor,Machine Learning,CSE,Product,8699,Project focusing on pseudo dc-link ev home charger with a high semiconductor device utilization factor.,ADD_IMAGE_LINK,ADD_VIDEO_LINK,"Machine Learning, CSE",TRUE
Protecting Distribution Systems With Inverter-interfaced PV Plants Using Q-Axis Components,Embedded,EEE,Product,8573,Project focusing on protecting distribution systems with inverter-interfaced pv plants using q-axis components.,ADD_IMAGE_LINK,ADD_VIDEO_LINK,"Embedded, EEE",TRUE
Performance Imporvement on Reception Confirmation Messages in Bluetooth Mesh Networks,IoT,ECE,Product,8449,Project focusing on performance imporvement on reception confirmation messages in bluetooth mesh networks.,ADD_IMAGE_LINK,ADD_VIDEO_LINK,"IoT, ECE",FALSE
Partial Discharges in Electrical Machines For the More Electric Aircraft Part,Machine Learning,EEE,Prototype,9801,Project focusing on partial discharges in electrical machines for the more electric aircraft part.,ADD_IMAGE_LINK,ADD_VIDEO_LINK,"Machine Learning, EEE",FALSE
Optimized Reactive Power Capability of Wind Power Plants with Tap-Changing Transformers,Machine Learning,EEE,Product,9801,Project focusing on optimized reactive power capability of wind power plants with tap-changing transformers.,ADD_IMAGE_LINK,ADD_VIDEO_LINK,"Machine Learning, EEE",FALSE
Multi-Source and Temporal Attention Network for Probabilistic Wind Power Prediction,Simulation,EEE,Prototype,9528,Project focusing on multi-source and temporal attention network for probabilistic wind power prediction.,ADD_IMAGE_LINK,ADD_VIDEO_LINK,"Simulation, EEE",TRUE
Integrated Modulation of Dual-Parallel Three-Level Inverters with Reduced Common Mode Voltage and Circulating Current,IoT,EEE,Prototype,9253,Project focusing on integrated modulation of dual-parallel three-level inverters with reduced common mode voltage and circulating current.,ADD_IMAGE_LINK,ADD_VIDEO_LINK,"IoT, EEE",TRUE
High-Gain Bidirectional Quadratic DC-DC Converter Based on Coupled Inductor With Current Ripple Reduction Capability,Machine Learning,CSE,Prototype,8699,Project focusing on high-gain bidirectional quadratic dc-dc converter based on coupled inductor with current ripple reduction capability.,ADD_IMAGE_LINK,ADD_VIDEO_LINK,"Machine Learning, CSE",FALSE
High-Efficient Electrolytic-Capacitor-less Off-Line LED Driver with reduced Power Processing,Machine Learning,EEE,Prototype,9801,Project focusing on high-efficient electrolytic-capacitor-less off-line led driver with reduced power processing.,ADD_IMAGE_LINK,ADD_VIDEO_LINK,"Machine Learning, EEE",TRUE
Grid Frequency regulation Based on Point of Common Coupling (PCC) Angle Deviation Control of Distrubution Energy resources with Fully Active Hybrid Energy Storage System,Large AI,EEE,Prototype,10890,Project focusing on grid frequency regulation based on point of common coupling (pcc) angle deviation control of distrubution energy resources with fully active hybrid energy storage system.,ADD_IMAGE_LINK,ADD_VIDEO_LINK,"Large AI, EEE",TRUE
Enhanced SIzing Methodology for the Renewable Energy Sources and the Battery Storage System in a Nearly Zero Energy Building,Simulation,Mechanical,Prototype,9524,Project focusing on enhanced sizing methodology for the renewable energy sources and the battery storage system in a nearly zero energy building.,ADD_IMAGE_LINK,ADD_VIDEO_LINK,"Simulation, Mechanical",TRUE
"Electric Drive Technology Trands, Challenges, and Opportunities for future Electric Vechicles",Simulation,Medical,Product,9524,"Project focusing on electric drive technology trands, challenges, and opportunities for future electric vechicles.",ADD_IMAGE_LINK,ADD_VIDEO_LINK,"Simulation, Medical",TRUE
Dynamic Analysis of Multimode Buck-Boost Converter an LPV System Model Point of View,Robotics,Mechanical,Prototype,12499,Project focusing on dynamic analysis of multimode buck-boost converter an lpv system model point of view.,ADD_IMAGE_LINK,ADD_VIDEO_LINK,"Robotics, Mechanical",TRUE
Drone-Based Ceramic Insulators Condition Monitoring,Simulation,Mechanical,Product,9524,Project focusing on drone-based ceramic insulators condition monitoring.,ADD_IMAGE_LINK,ADD_VIDEO_LINK,"Simulation, Mechanical",TRUE
Design and Implementation of a High-Power DC or DC Converter for HVDC Interconnections with Wide DC Voltage Range and Fault-Blocking Capability,Large AI,EEE,Product,10890,Project focusing on design and implementation of a high-power dc or dc converter for hvdc interconnections with wide dc voltage range and fault-blocking capability.,ADD_IMAGE_LINK,ADD_VIDEO_LINK,"Large AI, EEE",FALSE
Design and Analysis of Two-switch Based Enhanced Gain Buck-Boost Converters,Machine Learning,Civil,Product,9037,Project focusing on design and analysis of two-switch based enhanced gain buck-boost converters.,ADD_IMAGE_LINK,ADD_VIDEO_LINK,"Machine Learning, Civil",TRUE
Computationally Efficient Energy Management for Hybird Electric Vehicles Using Model Predictive Control and Vehicle-to-Vehicle Communicaiton,Machine Learning,EEE,Product,9801,Project focusing on computationally efficient energy management for hybird electric vehicles using model predictive control and vehicle-to-vehicle communicaiton.,ADD_IMAGE_LINK,ADD_VIDEO_LINK,"Machine Learning, EEE",TRUE
Bridgeless Isolated Zeta-Luo Converter-Based EV Charger with PF Preregulation,Embedded,CSE,Prototype,6499,Project focusing on bridgeless isolated zeta-luo converter-based ev charger with pf preregulation.,ADD_IMAGE_LINK,ADD_VIDEO_LINK,"Embedded, CSE",FALSE
Bidirectional ZVS Buck-Boost Converter with Single Auxiliary Switch and Continuous Current at Low Voltage Source,IoT,Mechanical,Prototype,8605,Project focusing on bidirectional zvs buck-boost converter with single auxiliary switch and continuous current at low voltage source.,ADD_IMAGE_LINK,ADD_VIDEO_LINK,"IoT, Mechanical",TRUE
Bidirectional Soft Switching push-pull Resonant Converter Over Wide Range of Battery Voltages,Embedded,ECE,Product,8599,Project focusing on bidirectional soft switching push-pull resonant converter over wide range of battery voltages.,ADD_IMAGE_LINK,ADD_VIDEO_LINK,"Embedded, ECE",FALSE
Analysis and Design of Interleaved DCM Buck-Boost Derived Three-Phase PFC Converter for MEA,Embedded,Mechanical,Prototype,12500,Project focusing on analysis and design of interleaved dcm buck-boost derived three-phase pfc converter for mea.,ADD_IMAGE_LINK,ADD_VIDEO_LINK,"Embedded, Mechanical",TRUE
Analysis and Control of Pseduo Quadratic Buck-Boost Converter,Machine Learning,Civil,Product,9037,Project focusing on analysis and control of pseduo quadratic buck-boost converter.,ADD_IMAGE_LINK,ADD_VIDEO_LINK,"Machine Learning, Civil",FALSE
An Si MOSFET-Based High-Power Wireless EV Charger With a WIde ZVS Operating Range,Simulation,EEE,Prototype,9528,Project focusing on an si mosfet-based high-power wireless ev charger with a wide zvs operating range.,ADD_IMAGE_LINK,ADD_VIDEO_LINK,"Simulation, EEE",TRUE
Adaptive Damping Control of Subsynchronous oscillation in DFIG-Based Wind Farms Connected to Series-Compensated Network,Machine Learning,ECE,Product,5999,Project focusing on adaptive damping control of subsynchronous oscillation in dfig-based wind farms connected to series-compensated network.,ADD_IMAGE_LINK,ADD_VIDEO_LINK,"Machine Learning, ECE",TRUE
Adaptive Current Control for a Bidirectional Interleaved EV Charger with Disturbance,Simulation,Mechanical,Product,9524,Project focusing on adaptive current control for a bidirectional interleaved ev charger with disturbance.,ADD_IMAGE_LINK,ADD_VIDEO_LINK,"Simulation, Mechanical",TRUE
A Three-Phase Semi-Single Stage PV Inverter with Voltage Boosting and Leakage Current Minimization,Simulation,EEE,Product,9528,Project focusing on a three-phase semi-single stage pv inverter with voltage boosting and leakage current minimization.,ADD_IMAGE_LINK,ADD_VIDEO_LINK,"Simulation, EEE",TRUE
A Soft-Switching Interleaved Buck-Boost LED Driver with Coupled Inductor,Simulation,ECE,Product,9499,Project focusing on a soft-switching interleaved buck-boost led driver with coupled inductor.,ADD_IMAGE_LINK,ADD_VIDEO_LINK,"Simulation, ECE",TRUE
A Health-oriented Power Control Strategy of Direct Drive Wind Turbine,Machine Learning,EEE,Prototype,9801,Project focusing on a health-oriented power control strategy of direct drive wind turbine.,ADD_IMAGE_LINK,ADD_VIDEO_LINK,"Machine Learning, EEE",FALSE
Flexible Voltage Boosting,Robotics,CSE,Product,10501,Project focusing on flexible voltage boosting.,ADD_IMAGE_LINK,ADD_VIDEO_LINK,"Robotics, CSE",FALSE
A Cascaded Half-Bridge Three-Level Inverter with An Inducive DC-Link for,IoT,EEE,Prototype,9253,Project focusing on a cascaded half-bridge three-level inverter with an inducive dc-link for.,ADD_IMAGE_LINK,ADD_VIDEO_LINK,"IoT, EEE",TRUE
Solar Wireless Sensor Nodes for Condition Monitoring of Freight Trains,Machine Learning,EEE,Product,9801,Project focusing on solar wireless sensor nodes for condition monitoring of freight trains.,ADD_IMAGE_LINK,ADD_VIDEO_LINK,"Machine Learning, EEE",FALSE
A New Adaptive Wireless Power Transfer Solution for Use with Space Rovers and Vehicles,Large AI,EEE,Prototype,10890,Project focusing on a new adaptive wireless power transfer solution for use with space rovers and vehicles.,ADD_IMAGE_LINK,ADD_VIDEO_LINK,"Large AI, EEE",TRUE
Experimental Validation of Optical Wireless Receiver using Solar Panel with Bandwidth Enhancement Circuit,Large AI,EEE,Prototype,10890,Project focusing on experimental validation of optical wireless receiver using solar panel with bandwidth enhancement circuit.,ADD_IMAGE_LINK,ADD_VIDEO_LINK,"Large AI, EEE",FALSE
Integration of Solar Power and Microwave WPT Exploiting Transparent Antennas,IoT,EEE,Prototype,9253,Project focusing on integration of solar power and microwave wpt exploiting transparent antennas.,ADD_IMAGE_LINK,ADD_VIDEO_LINK,"IoT, EEE",TRUE
STM Based Solar Wireless Charging Station for Evs,Simulation,EEE,Product,10499,Project focusing on stm based solar wireless charging station for evs.,ADD_IMAGE_LINK,ADD_VIDEO_LINK,"Simulation, EEE",TRUE
Enhancing Efficiency in Wireless Solar Charging Stations Through IoT Control and Optimization Strategy,IoT,EEE,Product,10999,Project focusing on enhancing efficiency in wireless solar charging stations through iot control and optimization strategy.,ADD_IMAGE_LINK,ADD_VIDEO_LINK,"IoT, EEE",FALSE
Enhancing Energy Efficiency in Solar Water Heating Systems for Sustainable Homes with IoT Technology,IoT,EEE,Product,8699,Project focusing on enhancing energy efficiency in solar water heating systems for sustainable homes with iot technology.,ADD_IMAGE_LINK,ADD_VIDEO_LINK,"IoT, EEE",TRUE
SPARK Technology for Condition Monitoring of Solar Power Plants,Robotics,EEE,Prototype,11499,Project focusing on spark technology for condition monitoring of solar power plants.,ADD_IMAGE_LINK,ADD_VIDEO_LINK,"Robotics, EEE",FALSE
A Node Task Assignment Algorithm for Energy Harvesting Wireless Multimedia Sensor Networks,Machine Learning,Medical,Prototype,8499,Project focusing on a node task assignment algorithm for energy harvesting wireless multimedia sensor networks.,ADD_IMAGE_LINK,ADD_VIDEO_LINK,"Machine Learning, Medical",FALSE
Vehicles Charging Using on the Go Wireless Power Transmission for Modern Cities,Simulation,EEE,Product,10999,Project focusing on vehicles charging using on the go wireless power transmission for modern cities.,ADD_IMAGE_LINK,ADD_VIDEO_LINK,"Simulation, EEE",FALSE
Power Self-Sustained Wireless Bridge Deformation Monitoring System Based on Solar Photovoltaic,Machine Learning,EEE,Prototype,8799,Project focusing on power self-sustained wireless bridge deformation monitoring system based on solar photovoltaic.,ADD_IMAGE_LINK,ADD_VIDEO_LINK,"Machine Learning, EEE",TRUE
Artificial Intelligence - Smart Energy Distribution and Management System for small autonomous Photo-voltaic Systems,Machine Learning,CSE,Prototype,9599,Project focusing on artificial intelligence - smart energy distribution and management system for small autonomous photo-voltaic systems.,ADD_IMAGE_LINK,ADD_VIDEO_LINK,"Machine Learning, CSE",TRUE
Experimental Design of Solar Powered Dynamic Wireless Charging of Electric Vehicle,Large AI,EEE,Product,8599,Project focusing on experimental design of solar powered dynamic wireless charging of electric vehicle.,ADD_IMAGE_LINK,ADD_VIDEO_LINK,"Large AI, EEE",TRUE
IoT Based Solar Performance Monitoring System,IoT,EEE,Product,8499,Project focusing on iot based solar performance monitoring system.,ADD_IMAGE_LINK,ADD_VIDEO_LINK,"IoT, EEE",FALSE
Hardware Design of Micro PV - Battery System for Underwater Wireless Power Supply,Machine Learning,EEE,Product,8999,Project focusing on hardware design of micro pv - battery system for underwater wireless power supply.,ADD_IMAGE_LINK,ADD_VIDEO_LINK,"Machine Learning, EEE",TRUE
Remote-Controlled Lawn Mower Powered by Solar Panel with Sun Tracking System,Simulation,EEE,Prototype,7499,Project focusing on remote-controlled lawn mower powered by solar panel with sun tracking system.,ADD_IMAGE_LINK,ADD_VIDEO_LINK,"Simulation, EEE",FALSE
Real-time Forest Fire Detection and Alert System Using Wireless Sensor Networks and Solar Energy,Simulation,ECE,Prototype,9499,Project focusing on real-time forest fire detection and alert system using wireless sensor n+etworks and solar energy.,ADD_IMAGE_LINK,ADD_VIDEO_LINK,"Simulation, EEE",TRUE
Smart Power-Sharing System for Dormant Domestic Consumers using Green Energy using Wireless Networks,IoT,EEE,Prototype,11999,Project focusing on smart power-sharing system for dormant domestic consumers using green energy using wireless networks.,ADD_IMAGE_LINK,ADD_VIDEO_LINK,"IoT, EEE",FALSE
Preliminary Study of an In-Space Wireless Power Transmission for CubeSats,IoT,EEE,Prototype,8686,Project focusing on preliminary study of an in-space wireless power transmission for cubesats.,ADD_IMAGE_LINK,ADD_VIDEO_LINK,"IoT, EEE",TRUE
Recent Technologies on Integration of Wireless Power Transfer and Photovoltaic Systems,Machine Learning,EEE,Product,13313,Project focusing on recent technologies on integration of wireless power transfer and photovoltaic systems.,ADD_IMAGE_LINK,ADD_VIDEO_LINK,"Machine Learning, EEE",TRUE
Wireless mobile charging for smart electrical bus,Large AI,EEE,Prototype,18443,Project focusing on wireless mobile charging for smart electrical bus.,ADD_IMAGE_LINK,ADD_VIDEO_LINK,"Large AI, EEE",TRUE
LEO Satellite-Based Space Solar Power Systems,Embedded,EEE,Product,11999,Project focusing on leo satellite-based space solar power systems.,ADD_IMAGE_LINK,ADD_VIDEO_LINK,"Embedded, EEE",TRUE
Investigation of Wireless Power Transfer Based on the Photovoltaic System,Machine Learning,EEE,Prototype,10499,Project focusing on investigation of wireless power transfer based on the photovoltaic system.,ADD_IMAGE_LINK,ADD_VIDEO_LINK,"Machine Learning, EEE",FALSE
Intelligent Control System for Solar Power Complementing with Grid Power,Simulation,EEE,Product,8999,Project focusing on intelligent control system for solar power complementing with grid power.,ADD_IMAGE_LINK,ADD_VIDEO_LINK,"Simulation, EEE",FALSE
Wireless Solar Mobile Phone Charger,Robotics,EEE,Prototype,8599,Project focusing on wireless solar mobile phone charger.,ADD_IMAGE_LINK,ADD_VIDEO_LINK,"Robotics, EEE",TRUE
Solar-Powered Wireless Charging Station for Electric Vehicles,Large AI,EEE,Prototype,10298,Project focusing on solar-powered wireless charging station for electric vehicles.,ADD_IMAGE_LINK,ADD_VIDEO_LINK,"Large AI, EEE",FALSE
Phone Case Harnessing the Power of the Sun,Robotics,EEE,Product,9910,Project focusing on phone case harnessing the power of the sun.,ADD_IMAGE_LINK,ADD_VIDEO_LINK,"Robotics, EEE",TRUE
A Sensorless MPPT Structure for Low Cost Solar Energy Harvesting in Wireless Sensor Networks,Embedded,EEE,Prototype,5696,Project focusing on a sensorless mppt structure for low cost solar energy harvesting in wireless sensor networks.,ADD_IMAGE_LINK,ADD_VIDEO_LINK,"Embedded, EEE",FALSE
Spacecraft Wireless Solar Array Drive Assembly Based on Magnetically Coupled Wireless Transmission Technology,Robotics,EEE,Prototype,9999,Project focusing on spacecraft wireless solar array drive assembly based on magnetically coupled wireless transmission technology.,ADD_IMAGE_LINK,ADD_VIDEO_LINK,"Robotics, EEE",FALSE
Wireless Electric Vehicle Charger Using Solar Energy,IoT,EEE,Product,6899,Project focusing on wireless electric vehicle charger using solar energy.,ADD_IMAGE_LINK,ADD_VIDEO_LINK,"IoT, EEE",FALSE
Interference analysis of on-board small station system on railway networks,Machine Learning,CSE,Product,8899,Project focusing on interference analysis of on-board small station system on railway networks.,ADD_IMAGE_LINK,ADD_VIDEO_LINK,"Machine Learning, CSE",FALSE
A Novel Concentrator Design for OMEGA Wireless Power Transmission System,Large AI,EEE,Prototype,9899,Project focusing on a novel concentrator design for omega wireless power transmission system.,ADD_IMAGE_LINK,ADD_VIDEO_LINK,"Large AI, EEE",TRUE
HELIOCOMM: A Wireless Revolution in Concentrated Solar Power Systems,IoT,EEE,Prototype,9500,Project focusing on heliocomm: a wireless revolution in concentrated solar power systems.,ADD_IMAGE_LINK,ADD_VIDEO_LINK,"IoT, EEE",FALSE
Solar based Wireless Charging and Battery Level Management,Large AI,EEE,Prototype,9599,Project focusing on solar based wireless charging and battery level management.,ADD_IMAGE_LINK,ADD_VIDEO_LINK,"Large AI, EEE",TRUE
GSM based Vehicle Security Theft Control System,Large AI,Civil,Product,7499,Project focusing on gsm based vehicle security theft control system.,ADD_IMAGE_LINK,ADD_VIDEO_LINK,"Large AI, Civil",FALSE
Intelligent Home Control System Using Augmented Reality and Internet of Things (IoT),IoT,EEE,Product,9499,Project focusing on intelligent home control system using augmented reality and internet of things (iot).,ADD_IMAGE_LINK,ADD_VIDEO_LINK,"IoT, EEE",TRUE
Smart Hybrid Energy Management System Using Multiple Energy Sources,IoT,ECE,Product,8899,Project focusing on smart hybrid energy management system using multiple energy sources.,ADD_IMAGE_LINK,ADD_VIDEO_LINK,"IoT, ECE",FALSE
Enhancing Solar Energy Efficiency with MPPT Charge Controller Technology,Large AI,EEE,Product,8500,Project focusing on enhancing solar energy efficiency with mppt charge controller technology.,ADD_IMAGE_LINK,ADD_VIDEO_LINK,"Large AI, EEE",FALSE
Power Quality Improvement in a PV Based Electric Vehicle (EV) Charging Station Interfacing with Grid Using Bidirectional Converter,Simulation,EEE,Product,10999,Project focusing on power quality improvement in a pv based electric vehicle (ev) charging station interfacing with grid using bidirectional converter.,ADD_IMAGE_LINK,ADD_VIDEO_LINK,"Simulation, EEE",FALSE
Protection for Electric Line Men Safety Using Mobile Application with Code-Based Circuit Breaker,Embedded,ECE,Product,8599,Project focusing on protection for electric line men safety using mobile application with code-based circuit breaker.,ADD_IMAGE_LINK,ADD_VIDEO_LINK,"Embedded, ECE",TRUE
Small Three-Phase Fault Detection System,IoT,Civil,Prototype,7999,Project focusing on small three-phase fault detection system.,ADD_IMAGE_LINK,ADD_VIDEO_LINK,"IoT, Civil",FALSE
IoT-Based Smart Grid Load Management System,Simulation,EEE,Prototype,8699,Simulates and manages load distribution across smart grid networks to prevent blackouts . Interacts with IoT devices to shed non-essential loads during peak demand.,ADD_IMAGE_LINK,ADD_VIDEO_LINK,"Smart Grid, Load Management, IoT",TRUE
Smart Transformer Health Monitoring Using Embedded Sensors,Embedded,EEE,Product,7599,"Tracks oil temperature, vibration, and electrical load parameters on distribution transformers . Alerts maintenance teams before catastrophic failures occur.",ADD_IMAGE_LINK,ADD_VIDEO_LINK,"Transformer Monitoring, Sensors, EEE",FALSE
AI-Based Power Demand Prediction Using Embedded Platforms,Machine Learning,EEE,Prototype,8499,Leverages historical data and machine learning on embedded systems to forecast energy consumption . Helps grid operators balance load and generation effectively.,ADD_IMAGE_LINK,ADD_VIDEO_LINK,"Power Demand, Prediction, AI",TRUE
Smart Irrigation System using Soil Moisture Sensor,Embedded,CSE,Prototype,4999,Activates watering valves automatically when soil moisture drops below optimal thresholds. Conserves agricultural water resources efficiently.,ADD_IMAGE_LINK,ADD_VIDEO_LINK,"Smart Irrigation, Sensors, Agriculture",FALSE
IoT-Based Smart Water Level and Pump Automation System,IoT,Civil,Product,4999,Automatically manages municipal or building water pumps based on tank levels and usage patterns . Prevents overflow and ensures consistent water availability.,ADD_IMAGE_LINK,ADD_VIDEO_LINK,"Pump Automation, Water Management, Civil",FALSE
Voice Controlled Home Automation System,Large AI,ECE,Product,7999,Integrates speech recognition engines to control home appliances hands-free. Offers a highly accessible interface for elderly or physically impaired individuals.,ADD_IMAGE_LINK,ADD_VIDEO_LINK,"Voice Control, Accessibility, Smart Home",FALSE
Embedded Battery Management System for Electric Vehicles,Embedded,EEE,Product,8999,"Monitors individual cell voltages, temperatures, and state of charge in EV battery packs . Balances power load to ensure safety and longevity of the energy storage.",ADD_IMAGE_LINK,ADD_VIDEO_LINK,"BMS, Electric Vehicles, Embedded",TRUE
IoT Based Cattle Health and Location Tracker,IoT,Medical,Product,6999,Utilizes wearable tags to track livestock vital signs and GPS coordinates over large pastures. Alerts farmers to health issues or lost animals immediately.,ADD_IMAGE_LINK,ADD_VIDEO_LINK,"Livestock, Wearable, Health Tracking",FALSE
Smart Traffic Signal Control Using Adaptive Algorithms,Embedded,Civil,Product,9299,Adjusts traffic light timings dynamically based on real-time vehicle flow data . Alleviates urban congestion and optimizes intersection throughput.,ADD_IMAGE_LINK,ADD_VIDEO_LINK,"Traffic Control, Adaptive Algorithms, Civil",FALSE
Digital Twin-Based Embedded Power System Monitoring,Simulation,EEE,Prototype,8999,Creates a virtual simulation replica of the physical power grid to monitor states and predict failures . Uses embedded sensors to bridge the physical and digital models.,ADD_IMAGE_LINK,ADD_VIDEO_LINK,"Digital Twin, Simulation, Power System",TRUE
Automated Crop Health Monitoring using IoT and Image Processing,Machine Learning,CSE,Prototype,7599,Captures field imagery and uses image processing models to detect early symptoms of plant diseases. Triggers timely agricultural interventions to save crops.,ADD_IMAGE_LINK,ADD_VIDEO_LINK,"Image Processing, Agriculture, Crop Health",TRUE
Embedded Industrial Robot Control System,Robotics,Mechanical,Prototype,12499,Manages robotic arm kinematics and precise motor control for industrial manufacturing tasks . Improves assembly line speed and accuracy.,ADD_IMAGE_LINK,ADD_VIDEO_LINK,"Robotics, Industrial Automation, Embedded Control",TRUE
IoT Based Smart Kitchen Monitoring System,IoT,CSE,Product,9000,Monitors kitchen appliances and tracks inventory levels in real time. Prevents hazardous situations like unattended stoves and manages grocery depletion.,ADD_IMAGE_LINK,ADD_VIDEO_LINK,"Smart Kitchen, Monitoring, IoT",FALSE
Smart Elevator Control System Using Embedded Technology,Embedded,Mechanical,Prototype,12500,Optimizes elevator dispatching and travel times using embedded logic controllers . Enhances passenger flow and reduces mechanical wear.,ADD_IMAGE_LINK,ADD_VIDEO_LINK,"Elevator Control, Embedded, Automation",FALSE
IoT Based Smart Doorbell with Face Recognition,Machine Learning,ECE,Prototype,5999,Uses a camera module and computer vision to identify visitors at the door. Sends remote notifications with visual confirmation to the homeowner.,ADD_IMAGE_LINK,ADD_VIDEO_LINK,"Face Recognition, Smart Doorbell, Computer Vision",TRUE
Embedded Cybersecurity Framework for Smart Grids,Embedded,CSE,Prototype,7999,Implements robust security protocols on embedded hardware to protect smart grid infrastructure from cyber threats . Ensures data integrity and reliable power distribution.,ADD_IMAGE_LINK,ADD_VIDEO_LINK,"Cybersecurity, Smart Grid, Embedded",TRUE
Smart Home Automation using IoT,IoT,CSE,Product,8500,"Allows users to remotely control lights, fans, and appliances via a mobile application. Reduces energy waste and adds convenience for daily tasks.",ADD_IMAGE_LINK,ADD_VIDEO_LINK,"Smart Home, Home Automation",FALSE
Edge AI-Based Embedded Fault Detection in Power Systems,Machine Learning,EEE,Prototype,8699,Employs edge artificial intelligence on embedded hardware to identify power grid anomalies instantly . Minimizes latency and enhances system protection.,ADD_IMAGE_LINK,ADD_VIDEO_LINK,"Edge AI, Power Systems, Fault Detection",TRUE
IoT-Based Smart Substation Monitoring and Fault Detection System,IoT,EEE,Product,8499,Continuously evaluates substation parameters to predict and detect electrical faults . Ensures grid reliability and remote monitoring capabilities.,ADD_IMAGE_LINK,ADD_VIDEO_LINK,"Substation, Fault Detection, IoT",FALSE
Design and Implementation of an IoT-Enabled Smart Industrial Safety Helmet for Real-Time Worker Monitoring and Accident Prevention,IoT,ECE,Prototype,7999,"Integrates multiple sensors such as temperature sensors, gas sensors and motion sensors to continuously monitor environmental hazards . Transmits real-time alerts to a cloud platform to prevent industrial accidents.",ADD_IMAGE_LINK,ADD_VIDEO_LINK,"Industrial Safety, IoT, Smart Helmet",TRUE